raw_file_path,biosample_id,biosample_name,match_confidence
/Volumes/LaCie/nmdc_data/kroeger_11_dwsv7q78/raw/20210915_JGI-AK_MK_506588_SoilWaterRep_final_QE-HF_C18_USDAY63680_NEG_MSMS_10_S16-D45_A_Rg80to1200-CE102040-soil-S1_Run54.raw,nmdc:bsm-11-qn720m46,S16_A_D45 hydrophilic,high
/Volumes/LaCie/nmdc_data/kroeger_11_dwsv7q78/raw/20210915_JGI-AK_MK_506588_SoilWaterRep_final_QE-HF_C18_USDAY63680_NEG_MSMS_13_S17-D45_A_Rg80to1200-CE102040-soil-S1_Run45.raw,nmdc:bsm-11-pdcjjc38,S17_A_D45 hydrophilic,high
/Volumes/LaCie/nmdc_data/kroeger_11_dwsv7q78/raw/20210915_JGI-AK_MK_506588_SoilWaterRep_final_QE-HF_C18_USDAY63680_NEG_MSMS_19_S16-D89_A_Rg80to1200-CE102040-soil-S1_Run86.raw,nmdc:bsm-11-8kc4dg60,S16_A_D89 hydrophilic,high
/Volumes/LaCie/nmdc_data/kroeger_11_dwsv7q78/raw/20210915_JGI-AK_MK_506588_SoilWaterRep_final_QE-HF_C18_USDAY63680_POS_MSMS_16_S32-D45_A_Rg80to1200-CE102040-soil-S1_Run29.raw,nmdc:bsm-11-pmz6mf62,S32_A_D45 hydrophilic,high
/Volumes/LaCie/nmdc_data/kroeger_11_dwsv7q78/raw/20210915_JGI-AK_MK_506588_SoilWaterRep_final_QE-HF_C18_USDAY63680_POS_MSMS_26_S32-D89_B_Rg80to1200-CE205060-soil-S1_Run150.raw,nmdc:bsm-11-eft4hz10,S32_B_D89 hydrophilic,high
/Volumes/LaCie/nmdc_data/kroeger_11_dwsv7q78/raw/20210819_JGI-AK_MK_506588_SoilWaterRep_final_QE-139_HILICZ_USHXG01490_NEG_MSMS_45_S53-D45_C_Rg70to1050-CE102040-soil-S1_Run207.raw,nmdc:bsm-11-8eq0ee41,S53_C_D45 hydrophobic,high
/Volumes/LaCie/nmdc_data/kroeger_11_dwsv7q78/raw/20210915_JGI-AK_MK_506588_SoilWaterRep_final_QE-HF_C18_USDAY63680_POS_MSMS_11_S16-D45_B_Rg80to1200-CE205060-soil-S1_Run129.raw,nmdc:bsm-11-t2ner660,S16_B_D45 hydrophilic,high
/Volumes/LaCie/nmdc_data/kroeger_11_dwsv7q78/raw/20210915_JGI-AK_MK_506588_SoilWaterRep_final_QE-HF_C18_USDAY63680_POS_MSMS_41_S40-D45_B_Rg80to1200-CE205060-soil-S1_Run141.raw,nmdc:bsm-11-1d28pq90,S40_B_D45 hydrophobic,high
/Volumes/LaCie/nmdc_data/kroeger_11_dwsv7q78/raw/20210915_JGI-AK_MK_506588_SoilWaterRep_final_QE-HF_C18_USDAY63680_POS_MSMS_15_S17-D45_C_Rg80to1200-CE102040-soil-S1_Run167.raw,nmdc:bsm-11-jxezhe49,S17_C_D45 hydrophilic,high
/Volumes/LaCie/nmdc_data/kroeger_11_dwsv7q78/raw/20210819_JGI-AK_MK_506588_SoilWaterRep_final_QE-139_HILICZ_USHXG01490_POS_MSMS_14_S17-D45_B_Rg70to1050-CE205060-soil-S1_Run98.raw,nmdc:bsm-11-jmxr0p77,S17_B_D45 hydrophilic,high
/Volumes/LaCie/nmdc_data/kroeger_11_dwsv7q78/raw/20210819_JGI-AK_MK_506588_SoilWaterRep_final_QE-139_HILICZ_USHXG01490_POS_MSMS_24_S17-D89_C_Rg70to1050-CE102040-soil-S1_Run184.raw,nmdc:bsm-11-548sqg02,S17_C_D89 hydrophilic,high
/Volumes/LaCie/nmdc_data/kroeger_11_dwsv7q78/raw/20210819_JGI-AK_MK_506588_SoilWaterRep_final_QE-139_HILICZ_USHXG01490_POS_MSMS_11_S16-D45_B_Rg70to1050-CE205060-soil-S1_Run126.raw,nmdc:bsm-11-t2ner660,S16_B_D45 hydrophilic,high
/Volumes/LaCie/nmdc_data/kroeger_11_dwsv7q78/raw/20210819_JGI-AK_MK_506588_SoilWaterRep_final_QE-139_HILICZ_USHXG01490_NEG_MSMS_54_S53-D89_C_Rg70to1050-CE102040-soil-S1_Run201.raw,nmdc:bsm-11-36k9py90,S53_C_D89 hydrophobic,high
/Volumes/LaCie/nmdc_data/kroeger_11_dwsv7q78/raw/20210915_JGI-AK_MK_506588_SoilWaterRep_final_QE-HF_C18_USDAY63680_NEG_MSMS_22_S17-D89_A_Rg80to1200-CE102040-soil-S1_Run74.raw,nmdc:bsm-11-44xrre38,S17_A_D89 hydrophilic,high
/Volumes/LaCie/nmdc_data/kroeger_11_dwsv7q78/raw/20210915_JGI-AK_MK_506588_SoilWaterRep_final_QE-HF_C18_USDAY63680_NEG_MSMS_46_S29-D89_A_Rg80to1200-CE102040-soil-S1_Run77.raw,nmdc:bsm-11-vpqnkr76,S29_A_D89 hydrophobic,high
/Volumes/LaCie/nmdc_data/kroeger_11_dwsv7q78/raw/20210819_JGI-AK_MK_506588_SoilWaterRep_final_QE-139_HILICZ_USHXG01490_POS_MSMS_22_S17-D89_A_Rg70to1050-CE102040-soil-S1_Run71.raw,nmdc:bsm-11-44xrre38,S17_A_D89 hydrophilic,high
/Volumes/LaCie/nmdc_data/kroeger_11_dwsv7q78/raw/20210819_JGI-AK_MK_506588_SoilWaterRep_final_QE-139_HILICZ_USHXG01490_NEG_MSMS_22_S17-D89_A_Rg70to1050-CE102040-soil-S1_Run72.raw,nmdc:bsm-11-44xrre38,S17_A_D89 hydrophilic,high
/Volumes/LaCie/nmdc_data/kroeger_11_dwsv7q78/raw/20210819_JGI-AK_MK_506588_SoilWaterRep_final_QE-139_HILICZ_USHXG01490_NEG_MSMS_12_S16-D45_C_Rg70to1050-CE102040-soil-S1_Run198.raw,nmdc:bsm-11-e7ztgg08,S16_C_D45 hydrophilic,high
/Volumes/LaCie/nmdc_data/kroeger_11_dwsv7q78/raw/20210915_JGI-AK_MK_506588_SoilWaterRep_final_QE-HF_C18_USDAY63680_POS_MSMS_53_S53-D89_B_Rg80to1200-CE205060-soil-S1_Run155.raw,nmdc:bsm-11-hpc0y385,S53_B_D89 hydrophobic,high
/Volumes/LaCie/nmdc_data/kroeger_11_dwsv7q78/raw/20210915_JGI-AK_MK_506588_SoilWaterRep_final_QE-HF_C18_USDAY63680_NEG_MSMS_21_S16-D89_C_Rg80to1200-CE102040-soil-S1_Run221.raw,nmdc:bsm-11-5d48pv16,S16_C_D89 hydrophilic,high
/Volumes/LaCie/nmdc_data/kroeger_11_dwsv7q78/raw/20210915_JGI-AK_MK_506588_SoilWaterRep_final_QE-HF_C18_USDAY63680_POS_MSMS_17_S32-D45_B_Rg80to1200-CE205060-soil-S1_Run111.raw,nmdc:bsm-11-7f5qmk63,S32_B_D45 hydrophilic,high
/Volumes/LaCie/nmdc_data/kroeger_11_dwsv7q78/raw/20210915_JGI-AK_MK_506588_SoilWaterRep_final_QE-HF_C18_USDAY63680_POS_MSMS_51_S40-D89_C_Rg80to1200-CE102040-soil-S1_Run226.raw,nmdc:bsm-11-m01vy390,S40_C_D89 hydrophobic,high
/Volumes/LaCie/nmdc_data/kroeger_11_dwsv7q78/raw/20210819_JGI-AK_MK_506588_SoilWaterRep_final_QE-139_HILICZ_USHXG01490_NEG_MSMS_26_S32-D89_B_Rg70to1050-CE205060-soil-S1_Run148.raw,nmdc:bsm-11-eft4hz10,S32_B_D89 hydrophilic,high
/Volumes/LaCie/nmdc_data/kroeger_11_dwsv7q78/raw/20210819_JGI-AK_MK_506588_SoilWaterRep_final_QE-139_HILICZ_USHXG01490_NEG_MSMS_39_S29-D45_C_Rg70to1050-CE102040-soil-S1_Run176.raw,nmdc:bsm-11-c351j824,S29_C_D45 hydrophobic,high
/Volumes/LaCie/nmdc_data/kroeger_11_dwsv7q78/raw/20210915_JGI-AK_MK_506588_SoilWaterRep_final_QE-HF_C18_USDAY63680_POS_MSMS_48_S29-D89_C_Rg80to1200-CE102040-soil-S1_Run194.raw,nmdc:bsm-11-p27p6894,S29_C_D89 hydrophobic,high
/Volumes/LaCie/nmdc_data/kroeger_11_dwsv7q78/raw/20210915_JGI-AK_MK_506588_SoilWaterRep_final_QE-HF_C18_USDAY63680_POS_MSMS_27_S32-D89_C_Rg80to1200-CE102040-soil-S1_Run170.raw,nmdc:bsm-11-qnnjrr65,S32_C_D89 hydrophilic,high
/Volumes/LaCie/nmdc_data/kroeger_11_dwsv7q78/raw/20210915_JGI-AK_MK_506588_SoilWaterRep_final_QE-HF_C18_USDAY63680_POS_MSMS_49_S40-D89_A_Rg80to1200-CE102040-soil-S1_Run32.raw,nmdc:bsm-11-gkkhv091,S40_A_D89 hydrophobic,high
/Volumes/LaCie/nmdc_data/kroeger_11_dwsv7q78/raw/20210819_JGI-AK_MK_506588_SoilWaterRep_final_QE-139_HILICZ_USHXG01490_NEG_MSMS_19_S16-D89_A_Rg70to1050-CE102040-soil-S1_Run84.raw,nmdc:bsm-11-8kc4dg60,S16_A_D89 hydrophilic,high
/Volumes/LaCie/nmdc_data/kroeger_11_dwsv7q78/raw/20210819_JGI-AK_MK_506588_SoilWaterRep_final_QE-139_HILICZ_USHXG01490_POS_MSMS_12_S16-D45_C_Rg70to1050-CE102040-soil-S1_Run197.raw,nmdc:bsm-11-e7ztgg08,S16_C_D45 hydrophilic,high
/Volumes/LaCie/nmdc_data/kroeger_11_dwsv7q78/raw/20210819_JGI-AK_MK_506588_SoilWaterRep_final_QE-139_HILICZ_USHXG01490_NEG_MSMS_52_S53-D89_A_Rg70to1050-CE102040-soil-S1_Run66.raw,nmdc:bsm-11-5ktpn654,S53_A_D89 hydrophobic,high
/Volumes/LaCie/nmdc_data/kroeger_11_dwsv7q78/raw/20210819_JGI-AK_MK_506588_SoilWaterRep_final_QE-139_HILICZ_USHXG01490_NEG_MSMS_41_S40-D45_B_Rg70to1050-CE205060-soil-S1_Run139.raw,nmdc:bsm-11-1d28pq90,S40_B_D45 hydrophobic,high
/Volumes/LaCie/nmdc_data/kroeger_11_dwsv7q78/raw/20210819_JGI-AK_MK_506588_SoilWaterRep_final_QE-139_HILICZ_USHXG01490_POS_MSMS_54_S53-D89_C_Rg70to1050-CE102040-soil-S1_Run200.raw,nmdc:bsm-11-36k9py90,S53_C_D89 hydrophobic,high
/Volumes/LaCie/nmdc_data/kroeger_11_dwsv7q78/raw/20210819_JGI-AK_MK_506588_SoilWaterRep_final_QE-139_HILICZ_USHXG01490_POS_MSMS_18_S32-D45_C_Rg70to1050-CE102040-soil-S1_Run230.raw,nmdc:bsm-11-frvbjc93,S32_C_D45 hydrophilic,high
/Volumes/LaCie/nmdc_data/kroeger_11_dwsv7q78/raw/20210915_JGI-AK_MK_506588_SoilWaterRep_final_QE-HF_C18_USDAY63680_POS_MSMS_23_S17-D89_B_Rg80to1200-CE205060-soil-S1_Run147.raw,nmdc:bsm-11-3ywmq490,S17_B_D89 hydrophilic,high
/Volumes/LaCie/nmdc_data/kroeger_11_dwsv7q78/raw/20210915_JGI-AK_MK_506588_SoilWaterRep_final_QE-HF_C18_USDAY63680_POS_MSMS_54_S53-D89_C_Rg80to1200-CE102040-soil-S1_Run205.raw,nmdc:bsm-11-36k9py90,S53_C_D89 hydrophobic,high
/Volumes/LaCie/nmdc_data/kroeger_11_dwsv7q78/raw/20210915_JGI-AK_MK_506588_SoilWaterRep_final_QE-HF_C18_USDAY63680_NEG_MSMS_14_S17-D45_B_Rg80to1200-CE205060-soil-S1_Run101.raw,nmdc:bsm-11-jmxr0p77,S17_B_D45 hydrophilic,high
/Volumes/LaCie/nmdc_data/kroeger_11_dwsv7q78/raw/20210915_JGI-AK_MK_506588_SoilWaterRep_final_QE-HF_C18_USDAY63680_NEG_MSMS_49_S40-D89_A_Rg80to1200-CE102040-soil-S1_Run33.raw,nmdc:bsm-11-gkkhv091,S40_A_D89 hydrophobic,high
/Volumes/LaCie/nmdc_data/kroeger_11_dwsv7q78/raw/20210915_JGI-AK_MK_506588_SoilWaterRep_final_QE-HF_C18_USDAY63680_POS_MSMS_40_S40-D45_A_Rg80to1200-CE102040-soil-S1_Run50.raw,nmdc:bsm-11-ph0fwv60,S40_A_D45 hydrophobic,high
/Volumes/LaCie/nmdc_data/kroeger_11_dwsv7q78/raw/20210915_JGI-AK_MK_506588_SoilWaterRep_final_QE-HF_C18_USDAY63680_POS_MSMS_25_S32-D89_A_Rg80to1200-CE102040-soil-S1_Run20.raw,nmdc:bsm-11-dq9ezy55,S32_A_D89 hydrophilic,high
/Volumes/LaCie/nmdc_data/kroeger_11_dwsv7q78/raw/20210819_JGI-AK_MK_506588_SoilWaterRep_final_QE-139_HILICZ_USHXG01490_POS_MSMS_17_S32-D45_B_Rg70to1050-CE205060-soil-S1_Run108.raw,nmdc:bsm-11-7f5qmk63,S32_B_D45 hydrophilic,high
/Volumes/LaCie/nmdc_data/kroeger_11_dwsv7q78/raw/20210819_JGI-AK_MK_506588_SoilWaterRep_final_QE-139_HILICZ_USHXG01490_POS_MSMS_15_S17-D45_C_Rg70to1050-CE102040-soil-S1_Run163.raw,nmdc:bsm-11-jxezhe49,S17_C_D45 hydrophilic,high
/Volumes/LaCie/nmdc_data/kroeger_11_dwsv7q78/raw/20210819_JGI-AK_MK_506588_SoilWaterRep_final_QE-139_HILICZ_USHXG01490_NEG_MSMS_25_S32-D89_A_Rg70to1050-CE102040-soil-S1_Run20.raw,nmdc:bsm-11-dq9ezy55,S32_A_D89 hydrophilic,high
/Volumes/LaCie/nmdc_data/kroeger_11_dwsv7q78/raw/20210915_JGI-AK_MK_506588_SoilWaterRep_final_QE-HF_C18_USDAY63680_POS_MSMS_24_S17-D89_C_Rg80to1200-CE102040-soil-S1_Run188.raw,nmdc:bsm-11-548sqg02,S17_C_D89 hydrophilic,high
/Volumes/LaCie/nmdc_data/kroeger_11_dwsv7q78/raw/20210819_JGI-AK_MK_506588_SoilWaterRep_final_QE-139_HILICZ_USHXG01490_NEG_MSMS_49_S40-D89_A_Rg70to1050-CE102040-soil-S1_Run32.raw,nmdc:bsm-11-gkkhv091,S40_A_D89 hydrophobic,high
/Volumes/LaCie/nmdc_data/kroeger_11_dwsv7q78/raw/20210819_JGI-AK_MK_506588_SoilWaterRep_final_QE-139_HILICZ_USHXG01490_POS_MSMS_42_S40-D45_C_Rg70to1050-CE102040-soil-S1_Run187.raw,nmdc:bsm-11-xh9qrs70,S40_C_D45 hydrophobic,high
/Volumes/LaCie/nmdc_data/kroeger_11_dwsv7q78/raw/20210819_JGI-AK_MK_506588_SoilWaterRep_final_QE-139_HILICZ_USHXG01490_POS_MSMS_23_S17-D89_B_Rg70to1050-CE205060-soil-S1_Run144.raw,nmdc:bsm-11-3ywmq490,S17_B_D89 hydrophilic,high
/Volumes/LaCie/nmdc_data/kroeger_11_dwsv7q78/raw/20210819_JGI-AK_MK_506588_SoilWaterRep_final_QE-139_HILICZ_USHXG01490_POS_MSMS_48_S29-D89_C_Rg70to1050-CE102040-soil-S1_Run190.raw,nmdc:bsm-11-p27p6894,S29_C_D89 hydrophobic,high
/Volumes/LaCie/nmdc_data/kroeger_11_dwsv7q78/raw/20210915_JGI-AK_MK_506588_SoilWaterRep_final_QE-HF_C18_USDAY63680_NEG_MSMS_44_S53-D45_B_Rg80to1200-CE205060-soil-S1_Run98.raw,nmdc:bsm-11-ksnxcm30,S53_B_D45 hydrophobic,high
/Volumes/LaCie/nmdc_data/kroeger_11_dwsv7q78/raw/20210915_JGI-AK_MK_506588_SoilWaterRep_final_QE-HF_C18_USDAY63680_POS_MSMS_45_S53-D45_C_Rg80to1200-CE102040-soil-S1_Run211.raw,nmdc:bsm-11-8eq0ee41,S53_C_D45 hydrophobic,high
/Volumes/LaCie/nmdc_data/kroeger_11_dwsv7q78/raw/20210915_JGI-AK_MK_506588_SoilWaterRep_final_QE-HF_C18_USDAY63680_NEG_MSMS_50_S40-D89_B_Rg80to1200-CE205060-soil-S1_Run145.raw,nmdc:bsm-11-ekqspq89,S40_B_D89 hydrophobic,high
/Volumes/LaCie/nmdc_data/kroeger_11_dwsv7q78/raw/20210819_JGI-AK_MK_506588_SoilWaterRep_final_QE-139_HILICZ_USHXG01490_POS_MSMS_51_S40-D89_C_Rg70to1050-CE102040-soil-S1_Run221.raw,nmdc:bsm-11-m01vy390,S40_C_D89 hydrophobic,high
/Volumes/LaCie/nmdc_data/kroeger_11_dwsv7q78/raw/20210819_JGI-AK_MK_506588_SoilWaterRep_final_QE-139_HILICZ_USHXG01490_NEG_MSMS_44_S53-D45_B_Rg70to1050-CE205060-soil-S1_Run96.raw,nmdc:bsm-11-ksnxcm30,S53_B_D45 hydrophobic,high
/Volumes/LaCie/nmdc_data/kroeger_11_dwsv7q78/raw/20210819_JGI-AK_MK_506588_SoilWaterRep_final_QE-139_HILICZ_USHXG01490_POS_MSMS_19_S16-D89_A_Rg70to1050-CE102040-soil-S1_Run83.raw,nmdc:bsm-11-8kc4dg60,S16_A_D89 hydrophilic,high
/Volumes/LaCie/nmdc_data/kroeger_11_dwsv7q78/raw/20210915_JGI-AK_MK_506588_SoilWaterRep_final_QE-HF_C18_USDAY63680_NEG_MSMS_18_S32-D45_C_Rg80to1200-CE102040-soil-S1_Run236.raw,nmdc:bsm-11-frvbjc93,S32_C_D45 hydrophilic,high
/Volumes/LaCie/nmdc_data/kroeger_11_dwsv7q78/raw/20210915_JGI-AK_MK_506588_SoilWaterRep_final_QE-HF_C18_USDAY63680_POS_MSMS_19_S16-D89_A_Rg80to1200-CE102040-soil-S1_Run85.raw,nmdc:bsm-11-8kc4dg60,S16_A_D89 hydrophilic,high
/Volumes/LaCie/nmdc_data/kroeger_11_dwsv7q78/raw/20210915_JGI-AK_MK_506588_SoilWaterRep_final_QE-HF_C18_USDAY63680_POS_MSMS_13_S17-D45_A_Rg80to1200-CE102040-soil-S1_Run44.raw,nmdc:bsm-11-pdcjjc38,S17_A_D45 hydrophilic,high
/Volumes/LaCie/nmdc_data/kroeger_11_dwsv7q78/raw/20210915_JGI-AK_MK_506588_SoilWaterRep_final_QE-HF_C18_USDAY63680_POS_MSMS_47_S29-D89_B_Rg80to1200-CE205060-soil-S1_Run117.raw,nmdc:bsm-11-62qeyh21,S29_B_D89 hydrophobic,high
/Volumes/LaCie/nmdc_data/kroeger_11_dwsv7q78/raw/20210915_JGI-AK_MK_506588_SoilWaterRep_final_QE-HF_C18_USDAY63680_NEG_MSMS_11_S16-D45_B_Rg80to1200-CE205060-soil-S1_Run130.raw,nmdc:bsm-11-t2ner660,S16_B_D45 hydrophilic,high
/Volumes/LaCie/nmdc_data/kroeger_11_dwsv7q78/raw/20210915_JGI-AK_MK_506588_SoilWaterRep_final_QE-HF_C18_USDAY63680_NEG_MSMS_25_S32-D89_A_Rg80to1200-CE102040-soil-S1_Run21.raw,nmdc:bsm-11-dq9ezy55,S32_A_D89 hydrophilic,high
/Volumes/LaCie/nmdc_data/kroeger_11_dwsv7q78/raw/20210915_JGI-AK_MK_506588_SoilWaterRep_final_QE-HF_C18_USDAY63680_POS_MSMS_18_S32-D45_C_Rg80to1200-CE102040-soil-S1_Run235.raw,nmdc:bsm-11-frvbjc93,S32_C_D45 hydrophilic,high
/Volumes/LaCie/nmdc_data/kroeger_11_dwsv7q78/raw/20210915_JGI-AK_MK_506588_SoilWaterRep_final_QE-HF_C18_USDAY63680_NEG_MSMS_15_S17-D45_C_Rg80to1200-CE102040-soil-S1_Run168.raw,nmdc:bsm-11-jxezhe49,S17_C_D45 hydrophilic,high
/Volumes/LaCie/nmdc_data/kroeger_11_dwsv7q78/raw/20210819_JGI-AK_MK_506588_SoilWaterRep_final_QE-139_HILICZ_USHXG01490_POS_MSMS_26_S32-D89_B_Rg70to1050-CE205060-soil-S1_Run147.raw,nmdc:bsm-11-eft4hz10,S32_B_D89 hydrophilic,high
/Volumes/LaCie/nmdc_data/kroeger_11_dwsv7q78/raw/20210819_JGI-AK_MK_506588_SoilWaterRep_final_QE-139_HILICZ_USHXG01490_POS_MSMS_47_S29-D89_B_Rg70to1050-CE205060-soil-S1_Run114.raw,nmdc:bsm-11-62qeyh21,S29_B_D89 hydrophobic,high
/Volumes/LaCie/nmdc_data/kroeger_11_dwsv7q78/raw/20210915_JGI-AK_MK_506588_SoilWaterRep_final_QE-HF_C18_USDAY63680_POS_MSMS_12_S16-D45_C_Rg80to1200-CE102040-soil-S1_Run202.raw,nmdc:bsm-11-e7ztgg08,S16_C_D45 hydrophilic,high
/Volumes/LaCie/nmdc_data/kroeger_11_dwsv7q78/raw/20210819_JGI-AK_MK_506588_SoilWaterRep_final_QE-139_HILICZ_USHXG01490_POS_MSMS_49_S40-D89_A_Rg70to1050-CE102040-soil-S1_Run31.raw,nmdc:bsm-11-gkkhv091,S40_A_D89 hydrophobic,high
/Volumes/LaCie/nmdc_data/kroeger_11_dwsv7q78/raw/20210915_JGI-AK_MK_506588_SoilWaterRep_final_QE-HF_C18_USDAY63680_NEG_MSMS_23_S17-D89_B_Rg80to1200-CE205060-soil-S1_Run148.raw,nmdc:bsm-11-3ywmq490,S17_B_D89 hydrophilic,high
/Volumes/LaCie/nmdc_data/kroeger_11_dwsv7q78/raw/20210915_JGI-AK_MK_506588_SoilWaterRep_final_QE-HF_C18_USDAY63680_POS_MSMS_50_S40-D89_B_Rg80to1200-CE205060-soil-S1_Run144.raw,nmdc:bsm-11-ekqspq89,S40_B_D89 hydrophobic,high
/Volumes/LaCie/nmdc_data/kroeger_11_dwsv7q78/raw/20210819_JGI-AK_MK_506588_SoilWaterRep_final_QE-139_HILICZ_USHXG01490_NEG_MSMS_40_S40-D45_A_Rg70to1050-CE102040-soil-S1_Run50.raw,nmdc:bsm-11-ph0fwv60,S40_A_D45 hydrophobic,high
/Volumes/LaCie/nmdc_data/kroeger_11_dwsv7q78/raw/20210915_JGI-AK_MK_506588_SoilWaterRep_final_QE-HF_C18_USDAY63680_NEG_MSMS_48_S29-D89_C_Rg80to1200-CE102040-soil-S1_Run195.raw,nmdc:bsm-11-p27p6894,S29_C_D89 hydrophobic,high
/Volumes/LaCie/nmdc_data/kroeger_11_dwsv7q78/raw/20210915_JGI-AK_MK_506588_SoilWaterRep_final_QE-HF_C18_USDAY63680_NEG_MSMS_37_S29-D45_A_Rg80to1200-CE102040-soil-S1_Run27.raw,nmdc:bsm-11-q1kss226,S29_A_D45 hydrophobic,high
/Volumes/LaCie/nmdc_data/kroeger_11_dwsv7q78/raw/20210819_JGI-AK_MK_506588_SoilWaterRep_final_QE-139_HILICZ_USHXG01490_POS_MSMS_50_S40-D89_B_Rg70to1050-CE205060-soil-S1_Run141.raw,nmdc:bsm-11-ekqspq89,S40_B_D89 hydrophobic,high
/Volumes/LaCie/nmdc_data/kroeger_11_dwsv7q78/raw/20210819_JGI-AK_MK_506588_SoilWaterRep_final_QE-139_HILICZ_USHXG01490_NEG_MSMS_24_S17-D89_C_Rg70to1050-CE102040-soil-S1_Run185.raw,nmdc:bsm-11-548sqg02,S17_C_D89 hydrophilic,high
/Volumes/LaCie/nmdc_data/kroeger_11_dwsv7q78/raw/20210915_JGI-AK_MK_506588_SoilWaterRep_final_QE-HF_C18_USDAY63680_NEG_MSMS_51_S40-D89_C_Rg80to1200-CE102040-soil-S1_Run227.raw,nmdc:bsm-11-m01vy390,S40_C_D89 hydrophobic,high
/Volumes/LaCie/nmdc_data/kroeger_11_dwsv7q78/raw/20210819_JGI-AK_MK_506588_SoilWaterRep_final_QE-139_HILICZ_USHXG01490_POS_MSMS_25_S32-D89_A_Rg70to1050-CE102040-soil-S1_Run19.raw,nmdc:bsm-11-dq9ezy55,S32_A_D89 hydrophilic,high
/Volumes/LaCie/nmdc_data/kroeger_11_dwsv7q78/raw/20210915_JGI-AK_MK_506588_SoilWaterRep_final_QE-HF_C18_USDAY63680_POS_MSMS_21_S16-D89_C_Rg80to1200-CE102040-soil-S1_Run220.raw,nmdc:bsm-11-5d48pv16,S16_C_D89 hydrophilic,high
/Volumes/LaCie/nmdc_data/kroeger_11_dwsv7q78/raw/20210819_JGI-AK_MK_506588_SoilWaterRep_final_QE-139_HILICZ_USHXG01490_NEG_MSMS_38_S29-D45_B_Rg70to1050-CE205060-soil-S1_Run90.raw,nmdc:bsm-11-47981f15,S29_B_D45 hydrophobic,high
/Volumes/LaCie/nmdc_data/kroeger_11_dwsv7q78/raw/20210915_JGI-AK_MK_506588_SoilWaterRep_final_QE-HF_C18_USDAY63680_POS_MSMS_52_S53-D89_A_Rg80to1200-CE102040-soil-S1_Run67.raw,nmdc:bsm-11-5ktpn654,S53_A_D89 hydrophobic,high
/Volumes/LaCie/nmdc_data/kroeger_11_dwsv7q78/raw/20210915_JGI-AK_MK_506588_SoilWaterRep_final_QE-HF_C18_USDAY63680_NEG_MSMS_38_S29-D45_B_Rg80to1200-CE205060-soil-S1_Run92.raw,nmdc:bsm-11-47981f15,S29_B_D45 hydrophobic,high
/Volumes/LaCie/nmdc_data/kroeger_11_dwsv7q78/raw/20210915_JGI-AK_MK_506588_SoilWaterRep_final_QE-HF_C18_USDAY63680_NEG_MSMS_47_S29-D89_B_Rg80to1200-CE205060-soil-S1_Run118.raw,nmdc:bsm-11-62qeyh21,S29_B_D89 hydrophobic,high
/Volumes/LaCie/nmdc_data/kroeger_11_dwsv7q78/raw/20210819_JGI-AK_MK_506588_SoilWaterRep_final_QE-139_HILICZ_USHXG01490_POS_MSMS_10_S16-D45_A_Rg70to1050-CE102040-soil-S1_Run52.raw,nmdc:bsm-11-qn720m46,S16_A_D45 hydrophilic,high
/Volumes/LaCie/nmdc_data/kroeger_11_dwsv7q78/raw/20210915_JGI-AK_MK_506588_SoilWaterRep_final_QE-HF_C18_USDAY63680_NEG_MSMS_41_S40-D45_B_Rg80to1200-CE205060-soil-S1_Run142.raw,nmdc:bsm-11-1d28pq90,S40_B_D45 hydrophobic,high
/Volumes/LaCie/nmdc_data/kroeger_11_dwsv7q78/raw/20210819_JGI-AK_MK_506588_SoilWaterRep_final_QE-139_HILICZ_USHXG01490_POS_MSMS_41_S40-D45_B_Rg70to1050-CE205060-soil-S1_Run138.raw,nmdc:bsm-11-1d28pq90,S40_B_D45 hydrophobic,high
/Volumes/LaCie/nmdc_data/kroeger_11_dwsv7q78/raw/20210819_JGI-AK_MK_506588_SoilWaterRep_final_QE-139_HILICZ_USHXG01490_NEG_MSMS_43_S53-D45_A_Rg70to1050-CE102040-soil-S1_Run23.raw,nmdc:bsm-11-s9pzk442,S53_A_D45 hydrophobic,high
/Volumes/LaCie/nmdc_data/kroeger_11_dwsv7q78/raw/20210819_JGI-AK_MK_506588_SoilWaterRep_final_QE-139_HILICZ_USHXG01490_NEG_MSMS_51_S40-D89_C_Rg70to1050-CE102040-soil-S1_Run222.raw,nmdc:bsm-11-m01vy390,S40_C_D89 hydrophobic,high
/Volumes/LaCie/nmdc_data/kroeger_11_dwsv7q78/raw/20210819_JGI-AK_MK_506588_SoilWaterRep_final_QE-139_HILICZ_USHXG01490_NEG_MSMS_48_S29-D89_C_Rg70to1050-CE102040-soil-S1_Run191.raw,nmdc:bsm-11-p27p6894,S29_C_D89 hydrophobic,high
/Volumes/LaCie/nmdc_data/kroeger_11_dwsv7q78/raw/20210915_JGI-AK_MK_506588_SoilWaterRep_final_QE-HF_C18_USDAY63680_NEG_MSMS_43_S53-D45_A_Rg80to1200-CE102040-soil-S1_Run24.raw,nmdc:bsm-11-s9pzk442,S53_A_D45 hydrophobic,high
/Volumes/LaCie/nmdc_data/kroeger_11_dwsv7q78/raw/20210819_JGI-AK_MK_506588_SoilWaterRep_final_QE-139_HILICZ_USHXG01490_POS_MSMS_13_S17-D45_A_Rg70to1050-CE102040-soil-S1_Run43.raw,nmdc:bsm-11-pdcjjc38,S17_A_D45 hydrophilic,high
/Volumes/LaCie/nmdc_data/kroeger_11_dwsv7q78/raw/20210819_JGI-AK_MK_506588_SoilWaterRep_final_QE-139_HILICZ_USHXG01490_POS_MSMS_40_S40-D45_A_Rg70to1050-CE102040-soil-S1_Run49.raw,nmdc:bsm-11-ph0fwv60,S40_A_D45 hydrophobic,high
/Volumes/LaCie/nmdc_data/kroeger_11_dwsv7q78/raw/20210819_JGI-AK_MK_506588_SoilWaterRep_final_QE-139_HILICZ_USHXG01490_POS_MSMS_46_S29-D89_A_Rg70to1050-CE102040-soil-S1_Run74.raw,nmdc:bsm-11-vpqnkr76,S29_A_D89 hydrophobic,high
/Volumes/LaCie/nmdc_data/kroeger_11_dwsv7q78/raw/20210915_JGI-AK_MK_506588_SoilWaterRep_final_QE-HF_C18_USDAY63680_NEG_MSMS_27_S32-D89_C_Rg80to1200-CE102040-soil-S1_Run171.raw,nmdc:bsm-11-qnnjrr65,S32_C_D89 hydrophilic,high
/Volumes/LaCie/nmdc_data/kroeger_11_dwsv7q78/raw/20210819_JGI-AK_MK_506588_SoilWaterRep_final_QE-139_HILICZ_USHXG01490_NEG_MSMS_47_S29-D89_B_Rg70to1050-CE205060-soil-S1_Run115.raw,nmdc:bsm-11-62qeyh21,S29_B_D89 hydrophobic,high
/Volumes/LaCie/nmdc_data/kroeger_11_dwsv7q78/raw/20210819_JGI-AK_MK_506588_SoilWaterRep_final_QE-139_HILICZ_USHXG01490_NEG_MSMS_13_S17-D45_A_Rg70to1050-CE102040-soil-S1_Run44.raw,nmdc:bsm-11-pdcjjc38,S17_A_D45 hydrophilic,high
/Volumes/LaCie/nmdc_data/kroeger_11_dwsv7q78/raw/20210819_JGI-AK_MK_506588_SoilWaterRep_final_QE-139_HILICZ_USHXG01490_POS_MSMS_16_S32-D45_A_Rg70to1050-CE102040-soil-S1_Run28.raw,nmdc:bsm-11-pmz6mf62,S32_A_D45 hydrophilic,high
/Volumes/LaCie/nmdc_data/kroeger_11_dwsv7q78/raw/20210819_JGI-AK_MK_506588_SoilWaterRep_final_QE-139_HILICZ_USHXG01490_NEG_MSMS_27_S32-D89_C_Rg70to1050-CE102040-soil-S1_Run167.raw,nmdc:bsm-11-qnnjrr65,S32_C_D89 hydrophilic,high
/Volumes/LaCie/nmdc_data/kroeger_11_dwsv7q78/raw/20210819_JGI-AK_MK_506588_SoilWaterRep_final_QE-139_HILICZ_USHXG01490_NEG_MSMS_10_S16-D45_A_Rg70to1050-CE102040-soil-S1_Run53.raw,nmdc:bsm-11-qn720m46,S16_A_D45 hydrophilic,high
/Volumes/LaCie/nmdc_data/kroeger_11_dwsv7q78/raw/20210915_JGI-AK_MK_506588_SoilWaterRep_final_QE-HF_C18_USDAY63680_NEG_MSMS_17_S32-D45_B_Rg80to1200-CE205060-soil-S1_Run112.raw,nmdc:bsm-11-7f5qmk63,S32_B_D45 hydrophilic,high
/Volumes/LaCie/nmdc_data/kroeger_11_dwsv7q78/raw/20210819_JGI-AK_MK_506588_SoilWaterRep_final_QE-139_HILICZ_USHXG01490_NEG_MSMS_21_S16-D89_C_Rg70to1050-CE102040-soil-S1_Run216.raw,nmdc:bsm-11-5d48pv16,S16_C_D89 hydrophilic,high
/Volumes/LaCie/nmdc_data/kroeger_11_dwsv7q78/raw/20210915_JGI-AK_MK_506588_SoilWaterRep_final_QE-HF_C18_USDAY63680_POS_MSMS_22_S17-D89_A_Rg80to1200-CE102040-soil-S1_Run73.raw,nmdc:bsm-11-44xrre38,S17_A_D89 hydrophilic,high
/Volumes/LaCie/nmdc_data/kroeger_11_dwsv7q78/raw/20210819_JGI-AK_MK_506588_SoilWaterRep_final_QE-139_HILICZ_USHXG01490_NEG_MSMS_50_S40-D89_B_Rg70to1050-CE205060-soil-S1_Run142.raw,nmdc:bsm-11-ekqspq89,S40_B_D89 hydrophobic,high
/Volumes/LaCie/nmdc_data/kroeger_11_dwsv7q78/raw/20210915_JGI-AK_MK_506588_SoilWaterRep_final_QE-HF_C18_USDAY63680_POS_MSMS_38_S29-D45_B_Rg80to1200-CE205060-soil-S1_Run91.raw,nmdc:bsm-11-47981f15,S29_B_D45 hydrophobic,high
/Volumes/LaCie/nmdc_data/kroeger_11_dwsv7q78/raw/20210819_JGI-AK_MK_506588_SoilWaterRep_final_QE-139_HILICZ_USHXG01490_NEG_MSMS_23_S17-D89_B_Rg70to1050-CE205060-soil-S1_Run145.raw,nmdc:bsm-11-3ywmq490,S17_B_D89 hydrophilic,high
/Volumes/LaCie/nmdc_data/kroeger_11_dwsv7q78/raw/20210915_JGI-AK_MK_506588_SoilWaterRep_final_QE-HF_C18_USDAY63680_NEG_MSMS_42_S40-D45_C_Rg80to1200-CE102040-soil-S1_Run192.raw,nmdc:bsm-11-xh9qrs70,S40_C_D45 hydrophobic,high
/Volumes/LaCie/nmdc_data/kroeger_11_dwsv7q78/raw/20210915_JGI-AK_MK_506588_SoilWaterRep_final_QE-HF_C18_USDAY63680_POS_MSMS_20_S16-D89_B_Rg80to1200-CE205060-soil-S1_Run120.raw,nmdc:bsm-11-apaqh958,S16_B_D89 hydrophilic,high
/Volumes/LaCie/nmdc_data/kroeger_11_dwsv7q78/raw/20210915_JGI-AK_MK_506588_SoilWaterRep_final_QE-HF_C18_USDAY63680_NEG_MSMS_39_S29-D45_C_Rg80to1200-CE102040-soil-S1_Run180.raw,nmdc:bsm-11-c351j824,S29_C_D45 hydrophobic,high
/Volumes/LaCie/nmdc_data/kroeger_11_dwsv7q78/raw/20210915_JGI-AK_MK_506588_SoilWaterRep_final_QE-HF_C18_USDAY63680_POS_MSMS_43_S53-D45_A_Rg80to1200-CE102040-soil-S1_Run23.raw,nmdc:bsm-11-s9pzk442,S53_A_D45 hydrophobic,high
/Volumes/LaCie/nmdc_data/kroeger_11_dwsv7q78/raw/20210915_JGI-AK_MK_506588_SoilWaterRep_final_QE-HF_C18_USDAY63680_NEG_MSMS_52_S53-D89_A_Rg80to1200-CE102040-soil-S1_Run68.raw,nmdc:bsm-11-5ktpn654,S53_A_D89 hydrophobic,high
/Volumes/LaCie/nmdc_data/kroeger_11_dwsv7q78/raw/20210819_JGI-AK_MK_506588_SoilWaterRep_final_QE-139_HILICZ_USHXG01490_POS_MSMS_37_S29-D45_A_Rg70to1050-CE102040-soil-S1_Run25.raw,nmdc:bsm-11-q1kss226,S29_A_D45 hydrophobic,high
/Volumes/LaCie/nmdc_data/kroeger_11_dwsv7q78/raw/20210915_JGI-AK_MK_506588_SoilWaterRep_final_QE-HF_C18_USDAY63680_POS_MSMS_44_S53-D45_B_Rg80to1200-CE205060-soil-S1_Run97.raw,nmdc:bsm-11-ksnxcm30,S53_B_D45 hydrophobic,high
/Volumes/LaCie/nmdc_data/kroeger_11_dwsv7q78/raw/20210915_JGI-AK_MK_506588_SoilWaterRep_final_QE-HF_C18_USDAY63680_POS_MSMS_37_S29-D45_A_Rg80to1200-CE102040-soil-S1_Run26.raw,nmdc:bsm-11-q1kss226,S29_A_D45 hydrophobic,high
/Volumes/LaCie/nmdc_data/kroeger_11_dwsv7q78/raw/20210819_JGI-AK_MK_506588_SoilWaterRep_final_QE-139_HILICZ_USHXG01490_POS_MSMS_21_S16-D89_C_Rg70to1050-CE102040-soil-S1_Run215.raw,nmdc:bsm-11-5d48pv16,S16_C_D89 hydrophilic,high
/Volumes/LaCie/nmdc_data/kroeger_11_dwsv7q78/raw/20210819_JGI-AK_MK_506588_SoilWaterRep_final_QE-139_HILICZ_USHXG01490_NEG_MSMS_37_S29-D45_A_Rg70to1050-CE102040-soil-S1_Run26.raw,nmdc:bsm-11-q1kss226,S29_A_D45 hydrophobic,high
/Volumes/LaCie/nmdc_data/kroeger_11_dwsv7q78/raw/20210915_JGI-AK_MK_506588_SoilWaterRep_final_QE-HF_C18_USDAY63680_NEG_MSMS_20_S16-D89_B_Rg80to1200-CE205060-soil-S1_Run121.raw,nmdc:bsm-11-apaqh958,S16_B_D89 hydrophilic,high
/Volumes/LaCie/nmdc_data/kroeger_11_dwsv7q78/raw/20210819_JGI-AK_MK_506588_SoilWaterRep_final_QE-139_HILICZ_USHXG01490_NEG_MSMS_14_S17-D45_B_Rg70to1050-CE205060-soil-S1_Run99.raw,nmdc:bsm-11-jmxr0p77,S17_B_D45 hydrophilic,high
/Volumes/LaCie/nmdc_data/kroeger_11_dwsv7q78/raw/20210819_JGI-AK_MK_506588_SoilWaterRep_final_QE-139_HILICZ_USHXG01490_NEG_MSMS_20_S16-D89_B_Rg70to1050-CE205060-soil-S1_Run118.raw,nmdc:bsm-11-apaqh958,S16_B_D89 hydrophilic,high
/Volumes/LaCie/nmdc_data/kroeger_11_dwsv7q78/raw/20210915_JGI-AK_MK_506588_SoilWaterRep_final_QE-HF_C18_USDAY63680_POS_MSMS_10_S16-D45_A_Rg80to1200-CE102040-soil-S1_Run53.raw,nmdc:bsm-11-qn720m46,S16_A_D45 hydrophilic,high
/Volumes/LaCie/nmdc_data/kroeger_11_dwsv7q78/raw/20210819_JGI-AK_MK_506588_SoilWaterRep_final_QE-139_HILICZ_USHXG01490_NEG_MSMS_17_S32-D45_B_Rg70to1050-CE205060-soil-S1_Run109.raw,nmdc:bsm-11-7f5qmk63,S32_B_D45 hydrophilic,high
/Volumes/LaCie/nmdc_data/kroeger_11_dwsv7q78/raw/20210819_JGI-AK_MK_506588_SoilWaterRep_final_QE-139_HILICZ_USHXG01490_POS_MSMS_38_S29-D45_B_Rg70to1050-CE205060-soil-S1_Run89.raw,nmdc:bsm-11-47981f15,S29_B_D45 hydrophobic,high
/Volumes/LaCie/nmdc_data/kroeger_11_dwsv7q78/raw/20210915_JGI-AK_MK_506588_SoilWaterRep_final_QE-HF_C18_USDAY63680_NEG_MSMS_53_S53-D89_B_Rg80to1200-CE205060-soil-S1_Run156.raw,nmdc:bsm-11-hpc0y385,S53_B_D89 hydrophobic,high
/Volumes/LaCie/nmdc_data/kroeger_11_dwsv7q78/raw/20210819_JGI-AK_MK_506588_SoilWaterRep_final_QE-139_HILICZ_USHXG01490_NEG_MSMS_16_S32-D45_A_Rg70to1050-CE102040-soil-S1_Run29.raw,nmdc:bsm-11-pmz6mf62,S32_A_D45 hydrophilic,high
/Volumes/LaCie/nmdc_data/kroeger_11_dwsv7q78/raw/20210819_JGI-AK_MK_506588_SoilWaterRep_final_QE-139_HILICZ_USHXG01490_NEG_MSMS_15_S17-D45_C_Rg70to1050-CE102040-soil-S1_Run164.raw,nmdc:bsm-11-jxezhe49,S17_C_D45 hydrophilic,high
/Volumes/LaCie/nmdc_data/kroeger_11_dwsv7q78/raw/20210819_JGI-AK_MK_506588_SoilWaterRep_final_QE-139_HILICZ_USHXG01490_POS_MSMS_39_S29-D45_C_Rg70to1050-CE102040-soil-S1_Run175.raw,nmdc:bsm-11-c351j824,S29_C_D45 hydrophobic,high
/Volumes/LaCie/nmdc_data/kroeger_11_dwsv7q78/raw/20210915_JGI-AK_MK_506588_SoilWaterRep_final_QE-HF_C18_USDAY63680_NEG_MSMS_45_S53-D45_C_Rg80to1200-CE102040-soil-S1_Run212.raw,nmdc:bsm-11-8eq0ee41,S53_C_D45 hydrophobic,high
/Volumes/LaCie/nmdc_data/kroeger_11_dwsv7q78/raw/20210915_JGI-AK_MK_506588_SoilWaterRep_final_QE-HF_C18_USDAY63680_NEG_MSMS_26_S32-D89_B_Rg80to1200-CE205060-soil-S1_Run151.raw,nmdc:bsm-11-eft4hz10,S32_B_D89 hydrophilic,high
/Volumes/LaCie/nmdc_data/kroeger_11_dwsv7q78/raw/20210819_JGI-AK_MK_506588_SoilWaterRep_final_QE-139_HILICZ_USHXG01490_NEG_MSMS_18_S32-D45_C_Rg70to1050-CE102040-soil-S1_Run231.raw,nmdc:bsm-11-frvbjc93,S32_C_D45 hydrophilic,high
/Volumes/LaCie/nmdc_data/kroeger_11_dwsv7q78/raw/20210915_JGI-AK_MK_506588_SoilWaterRep_final_QE-HF_C18_USDAY63680_POS_MSMS_39_S29-D45_C_Rg80to1200-CE102040-soil-S1_Run179.raw,nmdc:bsm-11-c351j824,S29_C_D45 hydrophobic,high
/Volumes/LaCie/nmdc_data/kroeger_11_dwsv7q78/raw/20210915_JGI-AK_MK_506588_SoilWaterRep_final_QE-HF_C18_USDAY63680_NEG_MSMS_16_S32-D45_A_Rg80to1200-CE102040-soil-S1_Run30.raw,nmdc:bsm-11-pmz6mf62,S32_A_D45 hydrophilic,high
/Volumes/LaCie/nmdc_data/kroeger_11_dwsv7q78/raw/20210915_JGI-AK_MK_506588_SoilWaterRep_final_QE-HF_C18_USDAY63680_POS_MSMS_14_S17-D45_B_Rg80to1200-CE205060-soil-S1_Run100.raw,nmdc:bsm-11-jmxr0p77,S17_B_D45 hydrophilic,high
/Volumes/LaCie/nmdc_data/kroeger_11_dwsv7q78/raw/20210819_JGI-AK_MK_506588_SoilWaterRep_final_QE-139_HILICZ_USHXG01490_NEG_MSMS_46_S29-D89_A_Rg70to1050-CE102040-soil-S1_Run75.raw,nmdc:bsm-11-vpqnkr76,S29_A_D89 hydrophobic,high
/Volumes/LaCie/nmdc_data/kroeger_11_dwsv7q78/raw/20210819_JGI-AK_MK_506588_SoilWaterRep_final_QE-139_HILICZ_USHXG01490_POS_MSMS_20_S16-D89_B_Rg70to1050-CE205060-soil-S1_Run117.raw,nmdc:bsm-11-apaqh958,S16_B_D89 hydrophilic,high
/Volumes/LaCie/nmdc_data/kroeger_11_dwsv7q78/raw/20210915_JGI-AK_MK_506588_SoilWaterRep_final_QE-HF_C18_USDAY63680_NEG_MSMS_40_S40-D45_A_Rg80to1200-CE102040-soil-S1_Run51.raw,nmdc:bsm-11-ph0fwv60,S40_A_D45 hydrophobic,high
/Volumes/LaCie/nmdc_data/kroeger_11_dwsv7q78/raw/20210819_JGI-AK_MK_506588_SoilWaterRep_final_QE-139_HILICZ_USHXG01490_POS_MSMS_45_S53-D45_C_Rg70to1050-CE102040-soil-S1_Run206.raw,nmdc:bsm-11-8eq0ee41,S53_C_D45 hydrophobic,high
/Volumes/LaCie/nmdc_data/kroeger_11_dwsv7q78/raw/20210915_JGI-AK_MK_506588_SoilWaterRep_final_QE-HF_C18_USDAY63680_NEG_MSMS_24_S17-D89_C_Rg80to1200-CE102040-soil-S1_Run189.raw,nmdc:bsm-11-548sqg02,S17_C_D89 hydrophilic,high
/Volumes/LaCie/nmdc_data/kroeger_11_dwsv7q78/raw/20210819_JGI-AK_MK_506588_SoilWaterRep_final_QE-139_HILICZ_USHXG01490_POS_MSMS_27_S32-D89_C_Rg70to1050-CE102040-soil-S1_Run166.raw,nmdc:bsm-11-qnnjrr65,S32_C_D89 hydrophilic,high
/Volumes/LaCie/nmdc_data/kroeger_11_dwsv7q78/raw/20210915_JGI-AK_MK_506588_SoilWaterRep_final_QE-HF_C18_USDAY63680_NEG_MSMS_54_S53-D89_C_Rg80to1200-CE102040-soil-S1_Run206.raw,nmdc:bsm-11-36k9py90,S53_C_D89 hydrophobic,high
/Volumes/LaCie/nmdc_data/kroeger_11_dwsv7q78/raw/20210819_JGI-AK_MK_506588_SoilWaterRep_final_QE-139_HILICZ_USHXG01490_NEG_MSMS_42_S40-D45_C_Rg70to1050-CE102040-soil-S1_Run188.raw,nmdc:bsm-11-xh9qrs70,S40_C_D45 hydrophobic,high
/Volumes/LaCie/nmdc_data/kroeger_11_dwsv7q78/raw/20210819_JGI-AK_MK_506588_SoilWaterRep_final_QE-139_HILICZ_USHXG01490_POS_MSMS_52_S53-D89_A_Rg70to1050-CE102040-soil-S1_Run65.raw,nmdc:bsm-11-5ktpn654,S53_A_D89 hydrophobic,high
/Volumes/LaCie/nmdc_data/kroeger_11_dwsv7q78/raw/20210819_JGI-AK_MK_506588_SoilWaterRep_final_QE-139_HILICZ_USHXG01490_NEG_MSMS_53_S53-D89_B_Rg70to1050-CE205060-soil-S1_Run152.raw,nmdc:bsm-11-hpc0y385,S53_B_D89 hydrophobic,high
/Volumes/LaCie/nmdc_data/kroeger_11_dwsv7q78/raw/20210819_JGI-AK_MK_506588_SoilWaterRep_final_QE-139_HILICZ_USHXG01490_POS_MSMS_43_S53-D45_A_Rg70to1050-CE102040-soil-S1_Run22.raw,nmdc:bsm-11-s9pzk442,S53_A_D45 hydrophobic,high
/Volumes/LaCie/nmdc_data/kroeger_11_dwsv7q78/raw/20210819_JGI-AK_MK_506588_SoilWaterRep_final_QE-139_HILICZ_USHXG01490_POS_MSMS_44_S53-D45_B_Rg70to1050-CE205060-soil-S1_Run95.raw,nmdc:bsm-11-ksnxcm30,S53_B_D45 hydrophobic,high
/Volumes/LaCie/nmdc_data/kroeger_11_dwsv7q78/raw/20210915_JGI-AK_MK_506588_SoilWaterRep_final_QE-HF_C18_USDAY63680_POS_MSMS_46_S29-D89_A_Rg80to1200-CE102040-soil-S1_Run76.raw,nmdc:bsm-11-vpqnkr76,S29_A_D89 hydrophobic,high
/Volumes/LaCie/nmdc_data/kroeger_11_dwsv7q78/raw/20210915_JGI-AK_MK_506588_SoilWaterRep_final_QE-HF_C18_USDAY63680_NEG_MSMS_12_S16-D45_C_Rg80to1200-CE102040-soil-S1_Run203.raw,nmdc:bsm-11-e7ztgg08,S16_C_D45 hydrophilic,high
/Volumes/LaCie/nmdc_data/kroeger_11_dwsv7q78/raw/20210819_JGI-AK_MK_506588_SoilWaterRep_final_QE-139_HILICZ_USHXG01490_NEG_MSMS_11_S16-D45_B_Rg70to1050-CE205060-soil-S1_Run127.raw,nmdc:bsm-11-t2ner660,S16_B_D45 hydrophilic,high
/Volumes/LaCie/nmdc_data/kroeger_11_dwsv7q78/raw/20210819_JGI-AK_MK_506588_SoilWaterRep_final_QE-139_HILICZ_USHXG01490_POS_MSMS_53_S53-D89_B_Rg70to1050-CE205060-soil-S1_Run151.raw,nmdc:bsm-11-hpc0y385,S53_B_D89 hydrophobic,high
/Volumes/LaCie/nmdc_data/kroeger_11_dwsv7q78/raw/20210915_JGI-AK_MK_506588_SoilWaterRep_final_QE-HF_C18_USDAY63680_POS_MSMS_42_S40-D45_C_Rg80to1200-CE102040-soil-S1_Run191.raw,nmdc:bsm-11-xh9qrs70,S40_C_D45 hydrophobic,high
/Volumes/LaCie/nmdc_data/kroeger_11_dwsv7q78/raw/20210819_JGI-AK_MK_506588_SoilWaterRep_final_QE-139_HILICZ_USHXG01490_NEG_MSMS_3_S16-D30_C_Rg70to1050-CE102040-soil-S1_Run194.raw,nmdc:bsm-11-8677ak11,S16,medium
/Volumes/LaCie/nmdc_data/kroeger_11_dwsv7q78/raw/20210915_JGI-AK_MK_506588_SoilWaterRep_final_QE-HF_C18_USDAY63680_NEG_MSMS_7_S32-D30_A_Rg80to1200-CE102040-soil-S1_Run39.raw,nmdc:bsm-11-9x8j8549,S32,medium
/Volumes/LaCie/nmdc_data/kroeger_11_dwsv7q78/raw/20210819_JGI-AK_MK_506588_SoilWaterRep_final_QE-139_HILICZ_USHXG01490_NEG_MSMS_36_S53-D30_C_Rg70to1050-CE102040-soil-S1_Run213.raw,nmdc:bsm-11-r6rcen19,S53,medium
/Volumes/LaCie/nmdc_data/kroeger_11_dwsv7q78/raw/20210819_JGI-AK_MK_506588_SoilWaterRep_final_QE-139_HILICZ_USHXG01490_NEG_MSMS_4_S17-D30_A_Rg70to1050-CE102040-soil-S1_Run60.raw,nmdc:bsm-11-41myzx51,S17,medium
/Volumes/LaCie/nmdc_data/kroeger_11_dwsv7q78/raw/20210915_JGI-AK_MK_506588_SoilWaterRep_final_QE-HF_C18_USDAY63680_NEG_MSMS_35_S53-D30_B_Rg80to1200-CE205060-soil-S1_Run127.raw,nmdc:bsm-11-r6rcen19,S53,medium
/Volumes/LaCie/nmdc_data/kroeger_11_dwsv7q78/raw/20210819_JGI-AK_MK_506588_SoilWaterRep_final_QE-139_HILICZ_USHXG01490_POS_MSMS_2_S16-D30_B_Rg70to1050-CE205060-soil-S1_Run154.raw,nmdc:bsm-11-8677ak11,S16,medium
/Volumes/LaCie/nmdc_data/kroeger_11_dwsv7q78/raw/20210915_JGI-AK_MK_506588_SoilWaterRep_final_QE-HF_C18_USDAY63680_POS_MSMS_4_S17-D30_A_Rg80to1200-CE102040-soil-S1_Run61.raw,nmdc:bsm-11-41myzx51,S17,medium
/Volumes/LaCie/nmdc_data/kroeger_11_dwsv7q78/raw/20210819_JGI-AK_MK_506588_SoilWaterRep_final_QE-139_HILICZ_USHXG01490_NEG_MSMS_2_S16-D30_B_Rg70to1050-CE205060-soil-S1_Run155.raw,nmdc:bsm-11-8677ak11,S16,medium
/Volumes/LaCie/nmdc_data/kroeger_11_dwsv7q78/raw/20210819_JGI-AK_MK_506588_SoilWaterRep_final_QE-139_HILICZ_USHXG01490_NEG_MSMS_9_S32-D30_C_Rg70to1050-CE102040-soil-S1_Run179.raw,nmdc:bsm-11-9x8j8549,S32,medium
/Volumes/LaCie/nmdc_data/kroeger_11_dwsv7q78/raw/20210915_JGI-AK_MK_506588_SoilWaterRep_final_QE-HF_C18_USDAY63680_NEG_MSMS_3_S16-D30_C_Rg80to1200-CE102040-soil-S1_Run198.raw,nmdc:bsm-11-8677ak11,S16,medium
/Volumes/LaCie/nmdc_data/kroeger_11_dwsv7q78/raw/20210819_JGI-AK_MK_506588_SoilWaterRep_final_QE-139_HILICZ_USHXG01490_POS_MSMS_4_S17-D30_A_Rg70to1050-CE102040-soil-S1_Run59.raw,nmdc:bsm-11-41myzx51,S17,medium
/Volumes/LaCie/nmdc_data/kroeger_11_dwsv7q78/raw/20210819_JGI-AK_MK_506588_SoilWaterRep_final_QE-139_HILICZ_USHXG01490_POS_MSMS_5_S17-D30_B_Rg70to1050-CE205060-soil-S1_Run101.raw,nmdc:bsm-11-41myzx51,S17,medium
/Volumes/LaCie/nmdc_data/kroeger_11_dwsv7q78/raw/20210819_JGI-AK_MK_506588_SoilWaterRep_final_QE-139_HILICZ_USHXG01490_NEG_MSMS_32_S40-D30_B_Rg70to1050-CE205060-soil-S1_Run87.raw,nmdc:bsm-11-s5afsv55,S40,medium
/Volumes/LaCie/nmdc_data/kroeger_11_dwsv7q78/raw/20210915_JGI-AK_MK_506588_SoilWaterRep_final_QE-HF_C18_USDAY63680_NEG_MSMS_33_S40-D30_C_Rg80to1200-CE102040-soil-S1_Run233.raw,nmdc:bsm-11-s5afsv55,S40,medium
/Volumes/LaCie/nmdc_data/kroeger_11_dwsv7q78/raw/20210915_JGI-AK_MK_506588_SoilWaterRep_final_QE-HF_C18_USDAY63680_NEG_MSMS_8_S32-D30_B_Rg80to1200-CE205060-soil-S1_Run115.raw,nmdc:bsm-11-9x8j8549,S32,medium
/Volumes/LaCie/nmdc_data/kroeger_11_dwsv7q78/raw/20210915_JGI-AK_MK_506588_SoilWaterRep_final_QE-HF_C18_USDAY63680_NEG_MSMS_6_S17-D30_C_Rg80to1200-CE102040-soil-S1_Run174.raw,nmdc:bsm-11-41myzx51,S17,medium
/Volumes/LaCie/nmdc_data/kroeger_11_dwsv7q78/raw/20210819_JGI-AK_MK_506588_SoilWaterRep_final_QE-139_HILICZ_USHXG01490_POS_MSMS_35_S53-D30_B_Rg70to1050-CE205060-soil-S1_Run123.raw,nmdc:bsm-11-r6rcen19,S53,medium
/Volumes/LaCie/nmdc_data/kroeger_11_dwsv7q78/raw/20210819_JGI-AK_MK_506588_SoilWaterRep_final_QE-139_HILICZ_USHXG01490_NEG_MSMS_34_S53-D30_A_Rg70to1050-CE102040-soil-S1_Run69.raw,nmdc:bsm-11-r6rcen19,S53,medium
/Volumes/LaCie/nmdc_data/kroeger_11_dwsv7q78/raw/20210915_JGI-AK_MK_506588_SoilWaterRep_final_QE-HF_C18_USDAY63680_POS_MSMS_9_S32-D30_C_Rg80to1200-CE102040-soil-S1_Run182.raw,nmdc:bsm-11-9x8j8549,S32,medium
/Volumes/LaCie/nmdc_data/kroeger_11_dwsv7q78/raw/20210819_JGI-AK_MK_506588_SoilWaterRep_final_QE-139_HILICZ_USHXG01490_NEG_MSMS_29_S29-D30_B_Rg70to1050-CE205060-soil-S1_Run106.raw,nmdc:bsm-11-j1v7e623,S29,medium
/Volumes/LaCie/nmdc_data/kroeger_11_dwsv7q78/raw/20210819_JGI-AK_MK_506588_SoilWaterRep_final_QE-139_HILICZ_USHXG01490_POS_MSMS_28_S29-D30_A_Rg70to1050-CE102040-soil-S1_Run40.raw,nmdc:bsm-11-j1v7e623,S29,medium
/Volumes/LaCie/nmdc_data/kroeger_11_dwsv7q78/raw/20210819_JGI-AK_MK_506588_SoilWaterRep_final_QE-139_HILICZ_USHXG01490_POS_MSMS_3_S16-D30_C_Rg70to1050-CE102040-soil-S1_Run193.raw,nmdc:bsm-11-8677ak11,S16,medium
/Volumes/LaCie/nmdc_data/kroeger_11_dwsv7q78/raw/20210819_JGI-AK_MK_506588_SoilWaterRep_final_QE-139_HILICZ_USHXG01490_NEG_MSMS_30_S29-D30_C_Rg70to1050-CE102040-soil-S1_Run182.raw,nmdc:bsm-11-j1v7e623,S29,medium
/Volumes/LaCie/nmdc_data/kroeger_11_dwsv7q78/raw/20210915_JGI-AK_MK_506588_SoilWaterRep_final_QE-HF_C18_USDAY63680_NEG_MSMS_1_S16-D30_A_Rg80to1200-CE102040-soil-S1_Run80.raw,nmdc:bsm-11-8677ak11,S16,medium
/Volumes/LaCie/nmdc_data/kroeger_11_dwsv7q78/raw/20210819_JGI-AK_MK_506588_SoilWaterRep_final_QE-139_HILICZ_USHXG01490_NEG_MSMS_6_S17-D30_C_Rg70to1050-CE102040-soil-S1_Run170.raw,nmdc:bsm-11-41myzx51,S17,medium
/Volumes/LaCie/nmdc_data/kroeger_11_dwsv7q78/raw/20210915_JGI-AK_MK_506588_SoilWaterRep_final_QE-HF_C18_USDAY63680_POS_MSMS_3_S16-D30_C_Rg80to1200-CE102040-soil-S1_Run197.raw,nmdc:bsm-11-8677ak11,S16,medium
/Volumes/LaCie/nmdc_data/kroeger_11_dwsv7q78/raw/20210915_JGI-AK_MK_506588_SoilWaterRep_final_QE-HF_C18_USDAY63680_NEG_MSMS_30_S29-D30_C_Rg80to1200-CE102040-soil-S1_Run186.raw,nmdc:bsm-11-j1v7e623,S29,medium
/Volumes/LaCie/nmdc_data/kroeger_11_dwsv7q78/raw/20210819_JGI-AK_MK_506588_SoilWaterRep_final_QE-139_HILICZ_USHXG01490_POS_MSMS_31_S40-D30_A_Rg70to1050-CE102040-soil-S1_Run16.raw,nmdc:bsm-11-s5afsv55,S40,medium
/Volumes/LaCie/nmdc_data/kroeger_11_dwsv7q78/raw/20210819_JGI-AK_MK_506588_SoilWaterRep_final_QE-139_HILICZ_USHXG01490_NEG_MSMS_7_S32-D30_A_Rg70to1050-CE102040-soil-S1_Run38.raw,nmdc:bsm-11-9x8j8549,S32,medium
/Volumes/LaCie/nmdc_data/kroeger_11_dwsv7q78/raw/20210915_JGI-AK_MK_506588_SoilWaterRep_final_QE-HF_C18_USDAY63680_POS_MSMS_35_S53-D30_B_Rg80to1200-CE205060-soil-S1_Run126.raw,nmdc:bsm-11-r6rcen19,S53,medium
/Volumes/LaCie/nmdc_data/kroeger_11_dwsv7q78/raw/20210915_JGI-AK_MK_506588_SoilWaterRep_final_QE-HF_C18_USDAY63680_POS_MSMS_31_S40-D30_A_Rg80to1200-CE102040-soil-S1_Run17.raw,nmdc:bsm-11-s5afsv55,S40,medium
/Volumes/LaCie/nmdc_data/kroeger_11_dwsv7q78/raw/20210819_JGI-AK_MK_506588_SoilWaterRep_final_QE-139_HILICZ_USHXG01490_POS_MSMS_34_S53-D30_A_Rg70to1050-CE102040-soil-S1_Run68.raw,nmdc:bsm-11-r6rcen19,S53,medium
/Volumes/LaCie/nmdc_data/kroeger_11_dwsv7q78/raw/20210915_JGI-AK_MK_506588_SoilWaterRep_final_QE-HF_C18_USDAY63680_NEG_MSMS_4_S17-D30_A_Rg80to1200-CE102040-soil-S1_Run62.raw,nmdc:bsm-11-41myzx51,S17,medium
/Volumes/LaCie/nmdc_data/kroeger_11_dwsv7q78/raw/20210819_JGI-AK_MK_506588_SoilWaterRep_final_QE-139_HILICZ_USHXG01490_POS_MSMS_29_S29-D30_B_Rg70to1050-CE205060-soil-S1_Run105.raw,nmdc:bsm-11-j1v7e623,S29,medium
/Volumes/LaCie/nmdc_data/kroeger_11_dwsv7q78/raw/20210819_JGI-AK_MK_506588_SoilWaterRep_final_QE-139_HILICZ_USHXG01490_NEG_MSMS_8_S32-D30_B_Rg70to1050-CE205060-soil-S1_Run112.raw,nmdc:bsm-11-9x8j8549,S32,medium
/Volumes/LaCie/nmdc_data/kroeger_11_dwsv7q78/raw/20210915_JGI-AK_MK_506588_SoilWaterRep_final_QE-HF_C18_USDAY63680_POS_MSMS_33_S40-D30_C_Rg80to1200-CE102040-soil-S1_Run232.raw,nmdc:bsm-11-s5afsv55,S40,medium
/Volumes/LaCie/nmdc_data/kroeger_11_dwsv7q78/raw/20210915_JGI-AK_MK_506588_SoilWaterRep_final_QE-HF_C18_USDAY63680_POS_MSMS_29_S29-D30_B_Rg80to1200-CE205060-soil-S1_Run108.raw,nmdc:bsm-11-j1v7e623,S29,medium
/Volumes/LaCie/nmdc_data/kroeger_11_dwsv7q78/raw/20210819_JGI-AK_MK_506588_SoilWaterRep_final_QE-139_HILICZ_USHXG01490_POS_MSMS_7_S32-D30_A_Rg70to1050-CE102040-soil-S1_Run37.raw,nmdc:bsm-11-9x8j8549,S32,medium
/Volumes/LaCie/nmdc_data/kroeger_11_dwsv7q78/raw/20210819_JGI-AK_MK_506588_SoilWaterRep_final_QE-139_HILICZ_USHXG01490_NEG_MSMS_33_S40-D30_C_Rg70to1050-CE102040-soil-S1_Run228.raw,nmdc:bsm-11-s5afsv55,S40,medium
/Volumes/LaCie/nmdc_data/kroeger_11_dwsv7q78/raw/20210819_JGI-AK_MK_506588_SoilWaterRep_final_QE-139_HILICZ_USHXG01490_NEG_MSMS_31_S40-D30_A_Rg70to1050-CE102040-soil-S1_Run17.raw,nmdc:bsm-11-s5afsv55,S40,medium
/Volumes/LaCie/nmdc_data/kroeger_11_dwsv7q78/raw/20210915_JGI-AK_MK_506588_SoilWaterRep_final_QE-HF_C18_USDAY63680_POS_MSMS_30_S29-D30_C_Rg80to1200-CE102040-soil-S1_Run185.raw,nmdc:bsm-11-j1v7e623,S29,medium
/Volumes/LaCie/nmdc_data/kroeger_11_dwsv7q78/raw/20210819_JGI-AK_MK_506588_SoilWaterRep_final_QE-139_HILICZ_USHXG01490_POS_MSMS_6_S17-D30_C_Rg70to1050-CE102040-soil-S1_Run169.raw,nmdc:bsm-11-41myzx51,S17,medium
/Volumes/LaCie/nmdc_data/kroeger_11_dwsv7q78/raw/20210915_JGI-AK_MK_506588_SoilWaterRep_final_QE-HF_C18_USDAY63680_NEG_MSMS_9_S32-D30_C_Rg80to1200-CE102040-soil-S1_Run183.raw,nmdc:bsm-11-9x8j8549,S32,medium
/Volumes/LaCie/nmdc_data/kroeger_11_dwsv7q78/raw/20210819_JGI-AK_MK_506588_SoilWaterRep_final_QE-139_HILICZ_USHXG01490_NEG_MSMS_5_S17-D30_B_Rg70to1050-CE205060-soil-S1_Run102.raw,nmdc:bsm-11-41myzx51,S17,medium
/Volumes/LaCie/nmdc_data/kroeger_11_dwsv7q78/raw/20210915_JGI-AK_MK_506588_SoilWaterRep_final_QE-HF_C18_USDAY63680_POS_MSMS_7_S32-D30_A_Rg80to1200-CE102040-soil-S1_Run38.raw,nmdc:bsm-11-9x8j8549,S32,medium
/Volumes/LaCie/nmdc_data/kroeger_11_dwsv7q78/raw/20210915_JGI-AK_MK_506588_SoilWaterRep_final_QE-HF_C18_USDAY63680_POS_MSMS_8_S32-D30_B_Rg80to1200-CE205060-soil-S1_Run114.raw,nmdc:bsm-11-9x8j8549,S32,medium
/Volumes/LaCie/nmdc_data/kroeger_11_dwsv7q78/raw/20210819_JGI-AK_MK_506588_SoilWaterRep_final_QE-139_HILICZ_USHXG01490_POS_MSMS_33_S40-D30_C_Rg70to1050-CE102040-soil-S1_Run227.raw,nmdc:bsm-11-s5afsv55,S40,medium
/Volumes/LaCie/nmdc_data/kroeger_11_dwsv7q78/raw/20210819_JGI-AK_MK_506588_SoilWaterRep_final_QE-139_HILICZ_USHXG01490_NEG_MSMS_28_S29-D30_A_Rg70to1050-CE102040-soil-S1_Run41.raw,nmdc:bsm-11-j1v7e623,S29,medium
/Volumes/LaCie/nmdc_data/kroeger_11_dwsv7q78/raw/20210915_JGI-AK_MK_506588_SoilWaterRep_final_QE-HF_C18_USDAY63680_POS_MSMS_6_S17-D30_C_Rg80to1200-CE102040-soil-S1_Run173.raw,nmdc:bsm-11-41myzx51,S17,medium
/Volumes/LaCie/nmdc_data/kroeger_11_dwsv7q78/raw/20210915_JGI-AK_MK_506588_SoilWaterRep_final_QE-HF_C18_USDAY63680_NEG_MSMS_28_S29-D30_A_Rg80to1200-CE102040-soil-S1_Run42.raw,nmdc:bsm-11-j1v7e623,S29,medium
/Volumes/LaCie/nmdc_data/kroeger_11_dwsv7q78/raw/20210915_JGI-AK_MK_506588_SoilWaterRep_final_QE-HF_C18_USDAY63680_POS_MSMS_2_S16-D30_B_Rg80to1200-CE205060-soil-S1_Run158.raw,nmdc:bsm-11-8677ak11,S16,medium
/Volumes/LaCie/nmdc_data/kroeger_11_dwsv7q78/raw/20210915_JGI-AK_MK_506588_SoilWaterRep_final_QE-HF_C18_USDAY63680_NEG_MSMS_34_S53-D30_A_Rg80to1200-CE102040-soil-S1_Run71.raw,nmdc:bsm-11-r6rcen19,S53,medium
/Volumes/LaCie/nmdc_data/kroeger_11_dwsv7q78/raw/20210915_JGI-AK_MK_506588_SoilWaterRep_final_QE-HF_C18_USDAY63680_POS_MSMS_34_S53-D30_A_Rg80to1200-CE102040-soil-S1_Run70.raw,nmdc:bsm-11-r6rcen19,S53,medium
/Volumes/LaCie/nmdc_data/kroeger_11_dwsv7q78/raw/20210915_JGI-AK_MK_506588_SoilWaterRep_final_QE-HF_C18_USDAY63680_POS_MSMS_28_S29-D30_A_Rg80to1200-CE102040-soil-S1_Run41.raw,nmdc:bsm-11-j1v7e623,S29,medium
/Volumes/LaCie/nmdc_data/kroeger_11_dwsv7q78/raw/20210819_JGI-AK_MK_506588_SoilWaterRep_final_QE-139_HILICZ_USHXG01490_POS_MSMS_30_S29-D30_C_Rg70to1050-CE102040-soil-S1_Run181.raw,nmdc:bsm-11-j1v7e623,S29,medium
/Volumes/LaCie/nmdc_data/kroeger_11_dwsv7q78/raw/20210819_JGI-AK_MK_506588_SoilWaterRep_final_QE-139_HILICZ_USHXG01490_POS_MSMS_36_S53-D30_C_Rg70to1050-CE102040-soil-S1_Run212.raw,nmdc:bsm-11-r6rcen19,S53,medium
/Volumes/LaCie/nmdc_data/kroeger_11_dwsv7q78/raw/20210819_JGI-AK_MK_506588_SoilWaterRep_final_QE-139_HILICZ_USHXG01490_NEG_MSMS_1_S16-D30_A_Rg70to1050-CE102040-soil-S1_Run78.raw,nmdc:bsm-11-8677ak11,S16,medium
/Volumes/LaCie/nmdc_data/kroeger_11_dwsv7q78/raw/20210915_JGI-AK_MK_506588_SoilWaterRep_final_QE-HF_C18_USDAY63680_NEG_MSMS_5_S17-D30_B_Rg80to1200-CE205060-soil-S1_Run104.raw,nmdc:bsm-11-41myzx51,S17,medium
/Volumes/LaCie/nmdc_data/kroeger_11_dwsv7q78/raw/20210915_JGI-AK_MK_506588_SoilWaterRep_final_QE-HF_C18_USDAY63680_NEG_MSMS_29_S29-D30_B_Rg80to1200-CE205060-soil-S1_Run109.raw,nmdc:bsm-11-j1v7e623,S29,medium
/Volumes/LaCie/nmdc_data/kroeger_11_dwsv7q78/raw/20210915_JGI-AK_MK_506588_SoilWaterRep_final_QE-HF_C18_USDAY63680_POS_MSMS_5_S17-D30_B_Rg80to1200-CE205060-soil-S1_Run103.raw,nmdc:bsm-11-41myzx51,S17,medium
/Volumes/LaCie/nmdc_data/kroeger_11_dwsv7q78/raw/20210915_JGI-AK_MK_506588_SoilWaterRep_final_QE-HF_C18_USDAY63680_NEG_MSMS_2_S16-D30_B_Rg80to1200-CE205060-soil-S1_Run159.raw,nmdc:bsm-11-8677ak11,S16,medium
/Volumes/LaCie/nmdc_data/kroeger_11_dwsv7q78/raw/20210915_JGI-AK_MK_506588_SoilWaterRep_final_QE-HF_C18_USDAY63680_POS_MSMS_1_S16-D30_A_Rg80to1200-CE102040-soil-S1_Run79.raw,nmdc:bsm-11-8677ak11,S16,medium
/Volumes/LaCie/nmdc_data/kroeger_11_dwsv7q78/raw/20210819_JGI-AK_MK_506588_SoilWaterRep_final_QE-139_HILICZ_USHXG01490_POS_MSMS_1_S16-D30_A_Rg70to1050-CE102040-soil-S1_Run77.raw,nmdc:bsm-11-8677ak11,S16,medium
/Volumes/LaCie/nmdc_data/kroeger_11_dwsv7q78/raw/20210915_JGI-AK_MK_506588_SoilWaterRep_final_QE-HF_C18_USDAY63680_NEG_MSMS_36_S53-D30_C_Rg80to1200-CE102040-soil-S1_Run218.raw,nmdc:bsm-11-r6rcen19,S53,medium
/Volumes/LaCie/nmdc_data/kroeger_11_dwsv7q78/raw/20210819_JGI-AK_MK_506588_SoilWaterRep_final_QE-139_HILICZ_USHXG01490_POS_MSMS_32_S40-D30_B_Rg70to1050-CE205060-soil-S1_Run86.raw,nmdc:bsm-11-s5afsv55,S40,medium
/Volumes/LaCie/nmdc_data/kroeger_11_dwsv7q78/raw/20210819_JGI-AK_MK_506588_SoilWaterRep_final_QE-139_HILICZ_USHXG01490_NEG_MSMS_35_S53-D30_B_Rg70to1050-CE205060-soil-S1_Run124.raw,nmdc:bsm-11-r6rcen19,S53,medium
/Volumes/LaCie/nmdc_data/kroeger_11_dwsv7q78/raw/20210819_JGI-AK_MK_506588_SoilWaterRep_final_QE-139_HILICZ_USHXG01490_POS_MSMS_9_S32-D30_C_Rg70to1050-CE102040-soil-S1_Run178.raw,nmdc:bsm-11-9x8j8549,S32,medium
/Volumes/LaCie/nmdc_data/kroeger_11_dwsv7q78/raw/20210915_JGI-AK_MK_506588_SoilWaterRep_final_QE-HF_C18_USDAY63680_NEG_MSMS_32_S40-D30_B_Rg80to1200-CE205060-soil-S1_Run89.raw,nmdc:bsm-11-s5afsv55,S40,medium
/Volumes/LaCie/nmdc_data/kroeger_11_dwsv7q78/raw/20210819_JGI-AK_MK_506588_SoilWaterRep_final_QE-139_HILICZ_USHXG01490_POS_MSMS_8_S32-D30_B_Rg70to1050-CE205060-soil-S1_Run111.raw,nmdc:bsm-11-9x8j8549,S32,medium
/Volumes/LaCie/nmdc_data/kroeger_11_dwsv7q78/raw/20210915_JGI-AK_MK_506588_SoilWaterRep_final_QE-HF_C18_USDAY63680_POS_MSMS_36_S53-D30_C_Rg80to1200-CE102040-soil-S1_Run217.raw,nmdc:bsm-11-r6rcen19,S53,medium
/Volumes/LaCie/nmdc_data/kroeger_11_dwsv7q78/raw/20210915_JGI-AK_MK_506588_SoilWaterRep_final_QE-HF_C18_USDAY63680_NEG_MSMS_31_S40-D30_A_Rg80to1200-CE102040-soil-S1_Run18.raw,nmdc:bsm-11-s5afsv55,S40,medium
/Volumes/LaCie/nmdc_data/kroeger_11_dwsv7q78/raw/20210915_JGI-AK_MK_506588_SoilWaterRep_final_QE-HF_C18_USDAY63680_POS_MSMS_32_S40-D30_B_Rg80to1200-CE205060-soil-S1_Run88.raw,nmdc:bsm-11-s5afsv55,S40,medium
