file_name,file_path,instrument_model,instrument_name,instrument_serial_number,scan_types,scan_levels,collision_energies,polarity,mz_min,mz_max,rt_min,rt_max,write_time
20240225_EB_VN_106100-001_RingTrial2_20230627_EXP120A_HILICZ_USHXG02065_POS_MS2_164_ExCtrl-A-Tube-Empty_4__185.raw,/Users/heal742/LOCAL/staging/20240225_EB_VN_106100-001_RingTrial2_20230627_EXP120A_HILICZ_USHXG02065_POS_MS2_164_ExCtrl-A-Tube-Empty_4__185.raw,Orbitrap Exploris 120,Unknown,MB10179C,['centroid'],"[1, 2]",['30'],['positive'],104.8183,99.6529,0.002806360149383545,21.00133950354258,2024-02-28 21:06:55.142000
20240225_EB_VN_106100-001_RingTrial2_20230627_EXP120A_HILICZ_USHXG02065_POS_MS2_19_RtExu-A-EcoFAB-Brachy-SynCom17_5__214.raw,/Users/heal742/LOCAL/staging/20240225_EB_VN_106100-001_RingTrial2_20230627_EXP120A_HILICZ_USHXG02065_POS_MS2_19_RtExu-A-EcoFAB-Brachy-SynCom17_5__214.raw,Orbitrap Exploris 120,Unknown,MB10179C,['centroid'],"[1, 2]",['30'],['positive'],104.8183,98.6285,0.00280169111887614,21.00301845115026,2024-02-29 07:54:14.410000
20240225_EB_VN_106100-001_RingTrial2_20230627_EXP120A_HILICZ_USHXG02065_POS_MS2_110_RtExu-D-EcoFAB-Brachy-SynCom16_7_Reinj2_576.raw,/Users/heal742/LOCAL/staging/20240225_EB_VN_106100-001_RingTrial2_20230627_EXP120A_HILICZ_USHXG02065_POS_MS2_110_RtExu-D-EcoFAB-Brachy-SynCom16_7_Reinj2_576.raw,Orbitrap Exploris 120,Unknown,MB10179C,['centroid'],"[1, 2]",['30'],['positive'],100.6364,98.6285,0.002923892561594645,21.00318093738556,2024-03-13 18:27:49.214000
20240225_EB_VN_106100-001_RingTrial2_20230627_EXP120A_HILICZ_USHXG02065_POS_MS2_48_RtExu-B-EcoFAB-Brachy-SynCom17_2_Reinj_440.raw,/Users/heal742/LOCAL/staging/20240225_EB_VN_106100-001_RingTrial2_20230627_EXP120A_HILICZ_USHXG02065_POS_MS2_48_RtExu-B-EcoFAB-Brachy-SynCom17_2_Reinj_440.raw,Orbitrap Exploris 120,Unknown,MB10179C,['centroid'],"[1, 2]",['30'],['positive'],101.1178,991.0184,0.002901811027526856,21.00307238540649,2024-03-09 11:59:24.943000
20240225_EB_VN_106100-001_RingTrial2_20230627_EXP120A_HILICZ_USHXG02065_POS_MS2_67_RtExu-C-EcoFAB-Brachy-Axenic_3__149.raw,/Users/heal742/LOCAL/staging/20240225_EB_VN_106100-001_RingTrial2_20230627_EXP120A_HILICZ_USHXG02065_POS_MS2_67_RtExu-C-EcoFAB-Brachy-Axenic_3__149.raw,Orbitrap Exploris 120,Unknown,MB10179C,['centroid'],"[1, 2]",['30'],['positive'],100.6363,99.6529,0.002829375489552816,21.00086833279927,2024-02-27 21:30:55.803000
20240225_EB_VN_106100-001_RingTrial2_20230627_EXP120A_HILICZ_USHXG02065_POS_MS2_71_RtExu-C-EcoFAB-Brachy-Axenic_7__365.raw,/Users/heal742/LOCAL/staging/20240225_EB_VN_106100-001_RingTrial2_20230627_EXP120A_HILICZ_USHXG02065_POS_MS2_71_RtExu-C-EcoFAB-Brachy-Axenic_7__365.raw,Orbitrap Exploris 120,Unknown,MB10179C,['centroid'],"[1, 2]",['30'],['positive'],104.8184,98.6285,0.002831076208750407,21.00200300258,2024-03-08 06:06:34.918000
20240225_EB_VN_106100-001_RingTrial2_20230627_EXP120A_HILICZ_USHXG02065_POS_MS2_107_RtExu-D-EcoFAB-Brachy-SynCom16_4__161.raw,/Users/heal742/LOCAL/staging/20240225_EB_VN_106100-001_RingTrial2_20230627_EXP120A_HILICZ_USHXG02065_POS_MS2_107_RtExu-D-EcoFAB-Brachy-SynCom16_4__161.raw,Orbitrap Exploris 120,Unknown,MB10179C,['centroid'],"[1, 2]",['30'],['positive'],101.0611,98.6285,0.003004843616485596,21.001418968455,2024-02-28 01:58:17.517000
20240225_EB_VN_106100-001_RingTrial2_20230627_EXP120A_HILICZ_USHXG02065_POS_MS2_2_RtExu-A-EcoFAB-Brachy-Axenic_2__070.raw,/Users/heal742/LOCAL/staging/20240225_EB_VN_106100-001_RingTrial2_20230627_EXP120A_HILICZ_USHXG02065_POS_MS2_2_RtExu-A-EcoFAB-Brachy-Axenic_2__070.raw,Orbitrap Exploris 120,Unknown,MB10179C,['centroid'],"[1, 2]",['30'],['positive'],100.6360,98.6286,0.003011094156901042,21.00094942909876,2024-02-26 16:06:12.154000
20240225_EB_VN_106100-001_RingTrial2_20230627_EXP120A_HILICZ_USHXG02065_POS_MS2_138_RtExu-E-EcoFAB-Brachy-SynCom16_3_Reinj_452.raw,/Users/heal742/LOCAL/staging/20240225_EB_VN_106100-001_RingTrial2_20230627_EXP120A_HILICZ_USHXG02065_POS_MS2_138_RtExu-E-EcoFAB-Brachy-SynCom16_3_Reinj_452.raw,Orbitrap Exploris 120,Unknown,MB10179C,['centroid'],"[1, 2]",['30'],['positive'],104.8183,965.5659,0.002912639204661051,21.00386650206248,2024-03-09 16:58:47.598000
20240225_EB_VN_106100-001_RingTrial2_20230627_EXP120A_HILICZ_USHXG02065_POS_MS2_119_TxCtrl-D-EcoFAB-Medium-Sterile_2__077.raw,/Users/heal742/LOCAL/staging/20240225_EB_VN_106100-001_RingTrial2_20230627_EXP120A_HILICZ_USHXG02065_POS_MS2_119_TxCtrl-D-EcoFAB-Medium-Sterile_2__077.raw,Orbitrap Exploris 120,Unknown,MB10179C,['centroid'],"[1, 2]",['30'],['positive'],104.8183,99.6529,0.002822958056131999,21.00091500940323,2024-02-26 18:42:01.237000
20240225_EB_VN_106100-001_RingTrial2_20230627_EXP120A_HILICZ_USHXG02065_POS_MS2_33_RtExu-B-EcoFAB-Brachy-Axenic_1__050.raw,/Users/heal742/LOCAL/staging/20240225_EB_VN_106100-001_RingTrial2_20230627_EXP120A_HILICZ_USHXG02065_POS_MS2_33_RtExu-B-EcoFAB-Brachy-Axenic_1__050.raw,Orbitrap Exploris 120,Unknown,MB10179C,['centroid'],"[1, 2]",['30'],['positive'],100.6363,99.5993,0.003013239924112956,21.00062908989588,2024-02-26 08:39:35.228000
20240225_EB_VN_106100-001_RingTrial2_20230627_EXP120A_HILICZ_USHXG02065_POS_MS2_36_RtExu-B-EcoFAB-Brachy-Axenic_4_badinj_169.raw,/Users/heal742/LOCAL/staging/20240225_EB_VN_106100-001_RingTrial2_20230627_EXP120A_HILICZ_USHXG02065_POS_MS2_36_RtExu-B-EcoFAB-Brachy-Axenic_4_badinj_169.raw,Orbitrap Exploris 120,Unknown,MB10179C,['centroid'],"[1, 2]",['30'],['positive'],104.8184,99.5993,0.002823808415730795,21.00275900405248,2024-02-28 04:57:12.626000
20240225_EB_VN_106100-001_RingTrial2_20230627_EXP120A_HILICZ_USHXG02065_POS_MS2_14_RtExu-A-EcoFAB-Brachy-SynCom16_7__340.raw,/Users/heal742/LOCAL/staging/20240225_EB_VN_106100-001_RingTrial2_20230627_EXP120A_HILICZ_USHXG02065_POS_MS2_14_RtExu-A-EcoFAB-Brachy-SynCom16_7__340.raw,Orbitrap Exploris 120,Unknown,MB10179C,['centroid'],"[1, 2]",['30'],['positive'],101.0611,98.6285,0.002820657316843669,21.00294930181503,2024-03-07 20:45:35.958000
20240225_EB_VN_106100-001_RingTrial2_20230627_EXP120A_HILICZ_USHXG02065_POS_MS2_40_RtExu-B-EcoFAB-Brachy-SynCom16_1__027.raw,/Users/heal742/LOCAL/staging/20240225_EB_VN_106100-001_RingTrial2_20230627_EXP120A_HILICZ_USHXG02065_POS_MS2_40_RtExu-B-EcoFAB-Brachy-SynCom16_1__027.raw,Orbitrap Exploris 120,Unknown,MB10179C,['centroid'],"[1, 2]",['30'],['positive'],104.8183,99.5975,0.002836210155487061,21.00191153726578,2024-02-26 00:06:14.707000
20240225_EB_VN_106100-001_RingTrial2_20230627_EXP120A_HILICZ_USHXG02065_POS_MS2_37_RtExu-B-EcoFAB-Brachy-Axenic_5__216.raw,/Users/heal742/LOCAL/staging/20240225_EB_VN_106100-001_RingTrial2_20230627_EXP120A_HILICZ_USHXG02065_POS_MS2_37_RtExu-B-EcoFAB-Brachy-Axenic_5__216.raw,Orbitrap Exploris 120,Unknown,MB10179C,['centroid'],"[1, 2]",['30'],['positive'],100.6362,99.5993,0.002813743178049723,21.00317096751531,2024-02-29 08:38:40.661000
20240225_EB_VN_106100-001_RingTrial2_20230627_EXP120A_HILICZ_USHXG02065_POS_MS2_55_TxCtrl-B-EcoFAB-Medium-Sterile_2__087.raw,/Users/heal742/LOCAL/staging/20240225_EB_VN_106100-001_RingTrial2_20230627_EXP120A_HILICZ_USHXG02065_POS_MS2_55_TxCtrl-B-EcoFAB-Medium-Sterile_2__087.raw,Orbitrap Exploris 120,Unknown,MB10179C,['centroid'],"[1, 2]",['30'],['positive'],100.6363,99.5992,0.002831843121846517,21.00291380526225,2024-02-26 22:25:26.184000
20240225_EB_VN_106100-001_RingTrial2_20230627_EXP120A_HILICZ_USHXG02065_POS_MS2_12_RtExu-A-EcoFAB-Brachy-SynCom16_5__262.raw,/Users/heal742/LOCAL/staging/20240225_EB_VN_106100-001_RingTrial2_20230627_EXP120A_HILICZ_USHXG02065_POS_MS2_12_RtExu-A-EcoFAB-Brachy-SynCom16_5__262.raw,Orbitrap Exploris 120,Unknown,MB10179C,['centroid'],"[1, 2]",['30'],['positive'],100.6361,98.6285,0.002825974051157633,21.00099835039774,2024-03-06 15:42:11.140000
20240225_EB_VN_106100-001_RingTrial2_20230627_EXP120A_HILICZ_USHXG02065_POS_MS2_91_TxCtrl-C-EcoFAB-Medium-Sterile_6__332.raw,/Users/heal742/LOCAL/staging/20240225_EB_VN_106100-001_RingTrial2_20230627_EXP120A_HILICZ_USHXG02065_POS_MS2_91_TxCtrl-C-EcoFAB-Medium-Sterile_6__332.raw,Orbitrap Exploris 120,Unknown,MB10179C,['centroid'],"[1, 2]",['30'],['positive'],104.8183,98.6284,0.002836210155487061,21.00256595255534,2024-03-07 17:46:32.705000
20240225_EB_VN_106100-001_RingTrial2_20230627_EXP120A_HILICZ_USHXG02065_POS_MS2_134_RtExu-E-EcoFAB-Brachy-Axenic_6__291.raw,/Users/heal742/LOCAL/staging/20240225_EB_VN_106100-001_RingTrial2_20230627_EXP120A_HILICZ_USHXG02065_POS_MS2_134_RtExu-E-EcoFAB-Brachy-Axenic_6__291.raw,Orbitrap Exploris 120,Unknown,MB10179C,['centroid'],"[1, 2]",['30'],['positive'],100.6362,99.5993,0.002832391484578451,21.00239368321101,2024-03-07 02:30:17.611000
20240225_EB_VN_106100-001_RingTrial2_20230627_EXP120A_HILICZ_USHXG02065_POS_MS2_34_RtExu-B-EcoFAB-Brachy-Axenic_2__103.raw,/Users/heal742/LOCAL/staging/20240225_EB_VN_106100-001_RingTrial2_20230627_EXP120A_HILICZ_USHXG02065_POS_MS2_34_RtExu-B-EcoFAB-Brachy-Axenic_2__103.raw,Orbitrap Exploris 120,Unknown,MB10179C,['centroid'],"[1, 2]",['30'],['positive'],104.8183,99.5993,0.002823176606496175,21.00153720420202,2024-02-27 04:23:34.040000
20240225_EB_VN_106100-001_RingTrial2_20230627_EXP120A_HILICZ_USHXG02065_POS_MS2_35_RtExu-B-EcoFAB-Brachy-Axenic_3__105.raw,/Users/heal742/LOCAL/staging/20240225_EB_VN_106100-001_RingTrial2_20230627_EXP120A_HILICZ_USHXG02065_POS_MS2_35_RtExu-B-EcoFAB-Brachy-Axenic_3__105.raw,Orbitrap Exploris 120,Unknown,MB10179C,['centroid'],"[1, 2]",['30'],['positive'],104.8185,99.6529,0.00282759132385254,21.00077220242818,2024-02-27 05:08:19.025000
20240225_EB_VN_106100-001_RingTrial2_20230627_EXP120A_HILICZ_USHXG02065_POS_MS2_161_ExCtrl-A-Tube-Empty_1__021.raw,/Users/heal742/LOCAL/staging/20240225_EB_VN_106100-001_RingTrial2_20230627_EXP120A_HILICZ_USHXG02065_POS_MS2_161_ExCtrl-A-Tube-Empty_1__021.raw,Orbitrap Exploris 120,Unknown,MB10179C,['centroid'],"[1, 2]",['30'],['positive'],102.7348,99.6530,0.002820526186625163,21.00121298274994,2024-02-25 21:51:59.792000
20240225_EB_VN_106100-001_RingTrial2_20230627_EXP120A_HILICZ_USHXG02065_POS_MS2_69_RtExu-C-EcoFAB-Brachy-Axenic_5__274.raw,/Users/heal742/LOCAL/staging/20240225_EB_VN_106100-001_RingTrial2_20230627_EXP120A_HILICZ_USHXG02065_POS_MS2_69_RtExu-C-EcoFAB-Brachy-Axenic_5__274.raw,Orbitrap Exploris 120,Unknown,MB10179C,['centroid'],"[1, 2]",['30'],['positive'],100.6361,98.6285,0.002818757915496826,21.00217095257441,2024-03-06 20:10:45.355000
20240225_EB_VN_106100-001_RingTrial2_20230627_EXP120A_HILICZ_USHXG02065_POS_MS2_77_RtExu-C-EcoFAB-Brachy-SynCom16_6__326.raw,/Users/heal742/LOCAL/staging/20240225_EB_VN_106100-001_RingTrial2_20230627_EXP120A_HILICZ_USHXG02065_POS_MS2_77_RtExu-C-EcoFAB-Brachy-SynCom16_6__326.raw,Orbitrap Exploris 120,Unknown,MB10179C,['centroid'],"[1, 2]",['30'],['positive'],104.8183,99.6529,0.00282695951461792,21.00152360242208,2024-03-07 15:32:18.608000
20240225_EB_VN_106100-001_RingTrial2_20230627_EXP120A_HILICZ_USHXG02065_POS_MS2_168_ExCtrl-B-E-Tube-Empty_1__023.raw,/Users/heal742/LOCAL/staging/20240225_EB_VN_106100-001_RingTrial2_20230627_EXP120A_HILICZ_USHXG02065_POS_MS2_168_ExCtrl-B-E-Tube-Empty_1__023.raw,Orbitrap Exploris 120,Unknown,MB10179C,['centroid'],"[1, 2]",['30'],['positive'],102.7348,99.6529,0.002841773255666097,21.0027365331014,2024-02-25 22:36:44.374000
20240225_EB_VN_106100-001_RingTrial2_20230627_EXP120A_HILICZ_USHXG02065_POS_MS2_21_RtExu-A-EcoFAB-Brachy-SynCom17_7__336.raw,/Users/heal742/LOCAL/staging/20240225_EB_VN_106100-001_RingTrial2_20230627_EXP120A_HILICZ_USHXG02065_POS_MS2_21_RtExu-A-EcoFAB-Brachy-SynCom17_7__336.raw,Orbitrap Exploris 120,Unknown,MB10179C,['centroid'],"[1, 2]",['30'],['positive'],101.1632,996.2728,0.002847423775990804,21.00116366984049,2024-03-07 19:16:03.705000
20240225_EB_VN_106100-001_RingTrial2_20230627_EXP120A_HILICZ_USHXG02065_POS_MS2_38_RtExu-B-EcoFAB-Brachy-Axenic_6__322.raw,/Users/heal742/LOCAL/staging/20240225_EB_VN_106100-001_RingTrial2_20230627_EXP120A_HILICZ_USHXG02065_POS_MS2_38_RtExu-B-EcoFAB-Brachy-Axenic_6__322.raw,Orbitrap Exploris 120,Unknown,MB10179C,['centroid'],"[1, 2]",['30'],['positive'],101.1173,99.6528,0.002845826371510823,21.00101102234522,2024-03-07 14:03:03.742000
20240225_EB_VN_106100-001_RingTrial2_20230627_EXP120A_HILICZ_USHXG02065_POS_MS2_7_RtExu-A-EcoFAB-Brachy-Axenic_7__384.raw,/Users/heal742/LOCAL/staging/20240225_EB_VN_106100-001_RingTrial2_20230627_EXP120A_HILICZ_USHXG02065_POS_MS2_7_RtExu-A-EcoFAB-Brachy-Axenic_7__384.raw,Orbitrap Exploris 120,Unknown,MB10179C,['centroid'],"[1, 2]",['30'],['positive'],100.6360,98.6285,0.002864391231536866,21.00273835302989,2024-03-08 13:12:44.383000
20240225_EB_VN_106100-001_RingTrial2_20230627_EXP120A_HILICZ_USHXG02065_POS_MS2_92_TxCtrl-C-EcoFAB-Medium-Sterile_7__349.raw,/Users/heal742/LOCAL/staging/20240225_EB_VN_106100-001_RingTrial2_20230627_EXP120A_HILICZ_USHXG02065_POS_MS2_92_TxCtrl-C-EcoFAB-Medium-Sterile_7__349.raw,Orbitrap Exploris 120,Unknown,MB10179C,['centroid'],"[1, 2]",['30'],['positive'],100.6362,989.5340,0.002824424330393473,21.00264718573888,2024-03-08 00:07:03.654000
20240225_EB_VN_106100-001_RingTrial2_20230627_EXP120A_HILICZ_USHXG02065_POS_MS2_165_ExCtrl-A-Tube-Empty_5__281.raw,/Users/heal742/LOCAL/staging/20240225_EB_VN_106100-001_RingTrial2_20230627_EXP120A_HILICZ_USHXG02065_POS_MS2_165_ExCtrl-A-Tube-Empty_5__281.raw,Orbitrap Exploris 120,Unknown,MB10179C,['centroid'],"[1, 2]",['30'],['positive'],102.7348,99.6529,0.002822258694966634,21.00279583574931,2024-03-06 22:46:51.881000
20240225_EB_VN_106100-001_RingTrial2_20230627_EXP120A_HILICZ_USHXG02065_POS_MS2_8_RtExu-A-EcoFAB-Brachy-SynCom16_1__046.raw,/Users/heal742/LOCAL/staging/20240225_EB_VN_106100-001_RingTrial2_20230627_EXP120A_HILICZ_USHXG02065_POS_MS2_8_RtExu-A-EcoFAB-Brachy-SynCom16_1__046.raw,Orbitrap Exploris 120,Unknown,MB10179C,['centroid'],"[1, 2]",['30'],['positive'],100.6367,98.6285,0.002831541124979655,21.00043442509969,2024-02-26 07:10:20.593000
20240225_EB_VN_106100-001_RingTrial2_20230627_EXP120A_HILICZ_USHXG02065_POS_MS2_98_RtExu-D-EcoFAB-Brachy-Axenic_2_Reinj_481.raw,/Users/heal742/LOCAL/staging/20240225_EB_VN_106100-001_RingTrial2_20230627_EXP120A_HILICZ_USHXG02065_POS_MS2_98_RtExu-D-EcoFAB-Brachy-Axenic_2_Reinj_481.raw,Orbitrap Exploris 120,Unknown,MB10179C,['centroid'],"[1, 2]",['30'],['positive'],104.8183,98.6171,0.002895377699534099,21.0009060704867,2024-03-10 04:46:10.743000
20240225_EB_VN_106100-001_RingTrial2_20230627_EXP120A_HILICZ_USHXG02065_POS_MS2_78_RtExu-C-EcoFAB-Brachy-SynCom16_7__353.raw,/Users/heal742/LOCAL/staging/20240225_EB_VN_106100-001_RingTrial2_20230627_EXP120A_HILICZ_USHXG02065_POS_MS2_78_RtExu-C-EcoFAB-Brachy-SynCom16_7__353.raw,Orbitrap Exploris 120,Unknown,MB10179C,['centroid'],"[1, 2]",['30'],['positive'],100.6362,99.5975,0.002820005639394124,21.00284440161387,2024-03-08 01:36:29.567000
20240225_EB_VN_106100-001_RingTrial2_20230627_EXP120A_HILICZ_USHXG02065_POS_MS2_24_TxCtrl-A-EcoFAB-Medium-Sterile_3__114.raw,/Users/heal742/LOCAL/staging/20240225_EB_VN_106100-001_RingTrial2_20230627_EXP120A_HILICZ_USHXG02065_POS_MS2_24_TxCtrl-A-EcoFAB-Medium-Sterile_3__114.raw,Orbitrap Exploris 120,Unknown,MB10179C,['centroid'],"[1, 2]",['30'],['positive'],101.1631,989.5345,0.002992509428660075,21.00127938629786,2024-02-27 08:29:15.375000
20240225_EB_VN_106100-001_RingTrial2_20230627_EXP120A_HILICZ_USHXG02065_POS_MS2_88_TxCtrl-C-EcoFAB-Medium-Sterile_3__110.raw,/Users/heal742/LOCAL/staging/20240225_EB_VN_106100-001_RingTrial2_20230627_EXP120A_HILICZ_USHXG02065_POS_MS2_88_TxCtrl-C-EcoFAB-Medium-Sterile_3__110.raw,Orbitrap Exploris 120,Unknown,MB10179C,['centroid'],"[1, 2]",['30'],['positive'],103.5235,99.6529,0.00282157522837321,21.00145786644618,2024-02-27 06:59:43.462000
20240225_EB_VN_106100-001_RingTrial2_20230627_EXP120A_HILICZ_USHXG02065_POS_MS2_53_RtExu-B-EcoFAB-Brachy-SynCom17_7__382.raw,/Users/heal742/LOCAL/staging/20240225_EB_VN_106100-001_RingTrial2_20230627_EXP120A_HILICZ_USHXG02065_POS_MS2_53_RtExu-B-EcoFAB-Brachy-SynCom17_7__382.raw,Orbitrap Exploris 120,Unknown,MB10179C,['centroid'],"[1, 2]",['30'],['positive'],100.6359,99.5992,0.002822195116678874,21.00100205383301,2024-03-08 12:27:43.428000
20240225_EB_VN_106100-001_RingTrial2_20230627_EXP120A_HILICZ_USHXG02065_POS_MS2_102_RtExu-D-EcoFAB-Brachy-Axenic_6__305.raw,/Users/heal742/LOCAL/staging/20240225_EB_VN_106100-001_RingTrial2_20230627_EXP120A_HILICZ_USHXG02065_POS_MS2_102_RtExu-D-EcoFAB-Brachy-Axenic_6__305.raw,Orbitrap Exploris 120,Unknown,MB10179C,['centroid'],"[1, 2]",['30'],['positive'],101.0613,98.6284,0.00282234214146932,21.00256186765035,2024-03-07 07:43:10.441000
20240225_EB_VN_106100-001_RingTrial2_20230627_EXP120A_HILICZ_USHXG02065_POS_MS2_89_TxCtrl-C-EcoFAB-Medium-Sterile_4__163.raw,/Users/heal742/LOCAL/staging/20240225_EB_VN_106100-001_RingTrial2_20230627_EXP120A_HILICZ_USHXG02065_POS_MS2_89_TxCtrl-C-EcoFAB-Medium-Sterile_4__163.raw,Orbitrap Exploris 120,Unknown,MB10179C,['centroid'],"[1, 2]",['30'],['positive'],103.5235,99.6529,0.002839345359802247,21.00285602054596,2024-02-28 02:43:04.043000
20240225_EB_VN_106100-001_RingTrial2_20230627_EXP120A_HILICZ_USHXG02065_POS_MS2_26_TxCtrl-A-EcoFAB-Medium-Sterile_5__279.raw,/Users/heal742/LOCAL/staging/20240225_EB_VN_106100-001_RingTrial2_20230627_EXP120A_HILICZ_USHXG02065_POS_MS2_26_TxCtrl-A-EcoFAB-Medium-Sterile_5__279.raw,Orbitrap Exploris 120,Unknown,MB10179C,['centroid'],"[1, 2]",['30'],['positive'],104.8183,987.4954,0.002817124748229981,21.0006150589625,2024-03-06 22:02:07.913000
20240225_EB_VN_106100-001_RingTrial2_20230627_EXP120A_HILICZ_USHXG02065_POS_MS2_169_ExCtrl-B-E-Tube-Empty_2__085.raw,/Users/heal742/LOCAL/staging/20240225_EB_VN_106100-001_RingTrial2_20230627_EXP120A_HILICZ_USHXG02065_POS_MS2_169_ExCtrl-B-E-Tube-Empty_2__085.raw,Orbitrap Exploris 120,Unknown,MB10179C,['centroid'],"[1, 2]",['30'],['positive'],103.5235,99.6529,0.002832510693868002,21.00135970156987,2024-02-26 21:40:40.653000
20240225_EB_VN_106100-001_RingTrial2_20230627_EXP120A_HILICZ_USHXG02065_POS_MS2_72_RtExu-C-EcoFAB-Brachy-SynCom16_1__029.raw,/Users/heal742/LOCAL/staging/20240225_EB_VN_106100-001_RingTrial2_20230627_EXP120A_HILICZ_USHXG02065_POS_MS2_72_RtExu-C-EcoFAB-Brachy-SynCom16_1__029.raw,Orbitrap Exploris 120,Unknown,MB10179C,['centroid'],"[1, 2]",['30'],['positive'],103.5234,99.6529,0.002994261805216472,21.00282017033895,2024-02-26 00:50:41.703000
20240225_EB_VN_106100-001_RingTrial2_20230627_EXP120A_HILICZ_USHXG02065_POS_MS2_56_TxCtrl-B-EcoFAB-Medium-Sterile_3__138.raw,/Users/heal742/LOCAL/staging/20240225_EB_VN_106100-001_RingTrial2_20230627_EXP120A_HILICZ_USHXG02065_POS_MS2_56_TxCtrl-B-EcoFAB-Medium-Sterile_3__138.raw,Orbitrap Exploris 120,Unknown,MB10179C,['centroid'],"[1, 2]",['30'],['positive'],104.8184,99.5975,0.002825926367441814,21.00146868667602,2024-02-27 17:25:29.235000
20240225_EB_VN_106100-001_RingTrial2_20230627_EXP120A_HILICZ_USHXG02065_POS_MS2_16_RtExu-A-EcoFAB-Brachy-SynCom17_2__072.raw,/Users/heal742/LOCAL/staging/20240225_EB_VN_106100-001_RingTrial2_20230627_EXP120A_HILICZ_USHXG02065_POS_MS2_16_RtExu-A-EcoFAB-Brachy-SynCom17_2__072.raw,Orbitrap Exploris 120,Unknown,MB10179C,['centroid'],"[1, 2]",['30'],['positive'],104.8183,98.6285,0.003003675365447999,21.002755384063722,2024-02-26 16:50:40.086000
20240225_EB_VN_106100-001_RingTrial2_20230627_EXP120A_HILICZ_USHXG02065_POS_MS2_1_RtExu-A-EcoFAB-Brachy-Axenic_1__052.raw,/Users/heal742/LOCAL/staging/20240225_EB_VN_106100-001_RingTrial2_20230627_EXP120A_HILICZ_USHXG02065_POS_MS2_1_RtExu-A-EcoFAB-Brachy-Axenic_1__052.raw,Orbitrap Exploris 120,Unknown,MB10179C,['centroid'],"[1, 2]",['30'],['positive'],101.0610,98.6285,0.002828358236948649,21.00217030089696,2024-02-26 09:24:07.519000
20240225_EB_VN_106100-001_RingTrial2_20230627_EXP120A_HILICZ_USHXG02065_POS_MS2_74_RtExu-C-EcoFAB-Brachy-SynCom16_3__122.raw,/Users/heal742/LOCAL/staging/20240225_EB_VN_106100-001_RingTrial2_20230627_EXP120A_HILICZ_USHXG02065_POS_MS2_74_RtExu-C-EcoFAB-Brachy-SynCom16_3__122.raw,Orbitrap Exploris 120,Unknown,MB10179C,['centroid'],"[1, 2]",['30'],['positive'],101.0609,99.6529,0.002834024651845296,21.00122513415019,2024-02-27 11:28:17.946000
20240225_EB_VN_106100-001_RingTrial2_20230627_EXP120A_HILICZ_USHXG02065_POS_MS2_103_RtExu-D-EcoFAB-Brachy-Axenic_7__363.raw,/Users/heal742/LOCAL/staging/20240225_EB_VN_106100-001_RingTrial2_20230627_EXP120A_HILICZ_USHXG02065_POS_MS2_103_RtExu-D-EcoFAB-Brachy-Axenic_7__363.raw,Orbitrap Exploris 120,Unknown,MB10179C,['centroid'],"[1, 2]",['30'],['positive'],101.0612,98.6285,0.002833210055033366,21.00091299476624,2024-03-08 05:21:35.101000
20240225_EB_VN_106100-001_RingTrial2_20230627_EXP120A_HILICZ_USHXG02065_POS_MS2_10_RtExu-A-EcoFAB-Brachy-SynCom16_3__145.raw,/Users/heal742/LOCAL/staging/20240225_EB_VN_106100-001_RingTrial2_20230627_EXP120A_HILICZ_USHXG02065_POS_MS2_10_RtExu-A-EcoFAB-Brachy-SynCom16_3__145.raw,Orbitrap Exploris 120,Unknown,MB10179C,['centroid'],"[1, 2]",['30'],['positive'],100.6362,996.2737,0.0028321928024292,21.00128568452199,2024-02-27 20:01:57.715000
20240225_EB_VN_106100-001_RingTrial2_20230627_EXP120A_HILICZ_USHXG02065_POS_MS2_51_RtExu-B-EcoFAB-Brachy-SynCom17_5__268.raw,/Users/heal742/LOCAL/staging/20240225_EB_VN_106100-001_RingTrial2_20230627_EXP120A_HILICZ_USHXG02065_POS_MS2_51_RtExu-B-EcoFAB-Brachy-SynCom17_5__268.raw,Orbitrap Exploris 120,Unknown,MB10179C,['centroid'],"[1, 2]",['30'],['positive'],104.8183,99.5993,0.002830356979370118,21.00263158521652,2024-03-06 17:56:31.292000
20240225_EB_VN_106100-001_RingTrial2_20230627_EXP120A_HILICZ_USHXG02065_POS_MS2_84_RtExu-C-EcoFAB-Brachy-SynCom17_6__314.raw,/Users/heal742/LOCAL/staging/20240225_EB_VN_106100-001_RingTrial2_20230627_EXP120A_HILICZ_USHXG02065_POS_MS2_84_RtExu-C-EcoFAB-Brachy-SynCom17_6__314.raw,Orbitrap Exploris 120,Unknown,MB10179C,['centroid'],"[1, 2]",['30'],['positive'],104.8184,99.6528,0.002818455918629964,21.00243883571625,2024-03-07 11:04:17.353000
20240225_EB_VN_106100-001_RingTrial2_20230627_EXP120A_HILICZ_USHXG02065_POS_MS2_144_RtExu-E-EcoFAB-Brachy-SynCom17_2__097.raw,/Users/heal742/LOCAL/staging/20240225_EB_VN_106100-001_RingTrial2_20230627_EXP120A_HILICZ_USHXG02065_POS_MS2_144_RtExu-E-EcoFAB-Brachy-SynCom17_2__097.raw,Orbitrap Exploris 120,Unknown,MB10179C,['centroid'],"[1, 2]",['30'],['positive'],100.6362,99.5975,0.002845607821146648,21.00091567697525,2024-02-27 02:09:15.494000
20240225_EB_VN_106100-001_RingTrial2_20230627_EXP120A_HILICZ_USHXG02065_POS_MS2_121_TxCtrl-D-EcoFAB-Medium-Sterile_4_Reinj_475.raw,/Users/heal742/LOCAL/staging/20240225_EB_VN_106100-001_RingTrial2_20230627_EXP120A_HILICZ_USHXG02065_POS_MS2_121_TxCtrl-D-EcoFAB-Medium-Sterile_4_Reinj_475.raw,Orbitrap Exploris 120,Unknown,MB10179C,['centroid'],"[1, 2]",['30'],['positive'],100.6361,98.6171,0.002907843017578125,21.00259676815669,2024-03-10 01:32:33.360000
20240225_EB_VN_106100-001_RingTrial2_20230627_EXP120A_HILICZ_USHXG02065_POS_MS2_132_RtExu-E-EcoFAB-Brachy-Axenic_4_Reinj_403.raw,/Users/heal742/LOCAL/staging/20240225_EB_VN_106100-001_RingTrial2_20230627_EXP120A_HILICZ_USHXG02065_POS_MS2_132_RtExu-E-EcoFAB-Brachy-Axenic_4_Reinj_403.raw,Orbitrap Exploris 120,Unknown,MB10179C,['centroid'],"[1, 2]",['30'],['positive'],104.8183,99.5992,0.002884843571980795,21.00063320439656,2024-03-08 22:13:26.705000
20240225_EB_VN_106100-001_RingTrial2_20230627_EXP120A_HILICZ_USHXG02065_POS_MS2_112_RtExu-D-EcoFAB-Brachy-SynCom17_2__066.raw,/Users/heal742/LOCAL/staging/20240225_EB_VN_106100-001_RingTrial2_20230627_EXP120A_HILICZ_USHXG02065_POS_MS2_112_RtExu-D-EcoFAB-Brachy-SynCom17_2__066.raw,Orbitrap Exploris 120,Unknown,MB10179C,['centroid'],"[1, 2]",['30'],['positive'],100.6361,99.6529,0.002837942663828532,21.00057527484894,2024-02-26 14:36:45.450000
20240225_EB_VN_106100-001_RingTrial2_20230627_EXP120A_HILICZ_USHXG02065_POS_MS2_5_RtExu-A-EcoFAB-Brachy-Axenic_5__212.raw,/Users/heal742/LOCAL/staging/20240225_EB_VN_106100-001_RingTrial2_20230627_EXP120A_HILICZ_USHXG02065_POS_MS2_5_RtExu-A-EcoFAB-Brachy-Axenic_5__212.raw,Orbitrap Exploris 120,Unknown,MB10179C,['centroid'],"[1, 2]",['30'],['positive'],104.8183,98.6285,0.002974457168579102,21.00248836717606,2024-02-29 07:09:30.506000
20240225_EB_VN_106100-001_RingTrial2_20230627_EXP120A_HILICZ_USHXG02065_POS_MS2_153_TxCtrl-E-EcoFAB-Medium-Sterile_4__157.raw,/Users/heal742/LOCAL/staging/20240225_EB_VN_106100-001_RingTrial2_20230627_EXP120A_HILICZ_USHXG02065_POS_MS2_153_TxCtrl-E-EcoFAB-Medium-Sterile_4__157.raw,Orbitrap Exploris 120,Unknown,MB10179C,['centroid'],"[1, 2]",['30'],['positive'],104.8185,99.5993,0.002835510794321696,21.00288040281932,2024-02-28 00:29:24.106000
20240225_EB_VN_106100-001_RingTrial2_20230627_EXP120A_HILICZ_USHXG02065_POS_MS2_155_TxCtrl-E-EcoFAB-Medium-Sterile_6__303.raw,/Users/heal742/LOCAL/staging/20240225_EB_VN_106100-001_RingTrial2_20230627_EXP120A_HILICZ_USHXG02065_POS_MS2_155_TxCtrl-E-EcoFAB-Medium-Sterile_6__303.raw,Orbitrap Exploris 120,Unknown,MB10179C,['centroid'],"[1, 2]",['30'],['positive'],104.8184,99.5992,0.002820291741689046,21.00216265163422,2024-03-07 06:58:27.276000
20240225_EB_VN_106100-001_RingTrial2_20230627_EXP120A_HILICZ_USHXG02065_POS_MS2_167_ExCtrl-A-Tube-Empty_7__351.raw,/Users/heal742/LOCAL/staging/20240225_EB_VN_106100-001_RingTrial2_20230627_EXP120A_HILICZ_USHXG02065_POS_MS2_167_ExCtrl-A-Tube-Empty_7__351.raw,Orbitrap Exploris 120,Unknown,MB10179C,['centroid'],"[1, 2]",['30'],['positive'],102.7348,99.6529,0.002814796193440756,21.00096076192856,2024-03-08 00:52:03.035000
20240225_EB_VN_106100-001_RingTrial2_20230627_EXP120A_HILICZ_USHXG02065_POS_MS2_4_RtExu-A-EcoFAB-Brachy-Axenic_4_Reinj_436.raw,/Users/heal742/LOCAL/staging/20240225_EB_VN_106100-001_RingTrial2_20230627_EXP120A_HILICZ_USHXG02065_POS_MS2_4_RtExu-A-EcoFAB-Brachy-Axenic_4_Reinj_436.raw,Orbitrap Exploris 120,Unknown,MB10179C,['centroid'],"[1, 2]",['30'],['positive'],101.0610,98.6171,0.002907179419199626,21.00192188860575,2024-03-09 10:29:56.738000
20240225_EB_VN_106100-001_RingTrial2_20230627_EXP120A_HILICZ_USHXG02065_POS_MS2_152_TxCtrl-E-EcoFAB-Medium-Sterile_3__124.raw,/Users/heal742/LOCAL/staging/20240225_EB_VN_106100-001_RingTrial2_20230627_EXP120A_HILICZ_USHXG02065_POS_MS2_152_TxCtrl-E-EcoFAB-Medium-Sterile_3__124.raw,Orbitrap Exploris 120,Unknown,MB10179C,['centroid'],"[1, 2]",['30'],['positive'],104.8182,99.5992,0.0028208083152771,21.00055855156581,2024-02-27 12:13:02.349000
20240225_EB_VN_106100-001_RingTrial2_20230627_EXP120A_HILICZ_USHXG02065_POS_MS2_143_RtExu-E-EcoFAB-Brachy-SynCom17_1_Reinj2_595.raw,/Users/heal742/LOCAL/staging/20240225_EB_VN_106100-001_RingTrial2_20230627_EXP120A_HILICZ_USHXG02065_POS_MS2_143_RtExu-E-EcoFAB-Brachy-SynCom17_1_Reinj2_595.raw,Orbitrap Exploris 120,Unknown,MB10179C,['centroid'],"[1, 2]",['30'],['positive'],100.6362,98.6285,0.002879892412821452,21.00257601779302,2024-03-14 01:31:45.784000
20240225_EB_VN_106100-001_RingTrial2_20230627_EXP120A_HILICZ_USHXG02065_POS_MS2_122_TxCtrl-D-EcoFAB-Medium-Sterile_5_Reinj2_522.raw,/Users/heal742/LOCAL/staging/20240225_EB_VN_106100-001_RingTrial2_20230627_EXP120A_HILICZ_USHXG02065_POS_MS2_122_TxCtrl-D-EcoFAB-Medium-Sterile_5_Reinj2_522.raw,Orbitrap Exploris 120,Unknown,MB10179C,['centroid'],"[1, 2]",['30'],['positive'],100.6361,98.6285,0.002834290885925293,21.00118141037623,2024-03-12 20:16:38.320000
20240225_EB_VN_106100-001_RingTrial2_20230627_EXP120A_HILICZ_USHXG02065_POS_MS2_9_RtExu-A-EcoFAB-Brachy-SynCom16_2__089.raw,/Users/heal742/LOCAL/staging/20240225_EB_VN_106100-001_RingTrial2_20230627_EXP120A_HILICZ_USHXG02065_POS_MS2_9_RtExu-A-EcoFAB-Brachy-SynCom16_2__089.raw,Orbitrap Exploris 120,Unknown,MB10179C,['centroid'],"[1, 2]",['30'],['positive'],104.8184,98.6285,0.00282314084370931,21.00259852053324,2024-02-26 23:10:11.423000
20240225_EB_VN_106100-001_RingTrial2_20230627_EXP120A_HILICZ_USHXG02065_POS_MS2_39_RtExu-B-EcoFAB-Brachy-Axenic_7__380.raw,/Users/heal742/LOCAL/staging/20240225_EB_VN_106100-001_RingTrial2_20230627_EXP120A_HILICZ_USHXG02065_POS_MS2_39_RtExu-B-EcoFAB-Brachy-Axenic_7__380.raw,Orbitrap Exploris 120,Unknown,MB10179C,['centroid'],"[1, 2]",['30'],['positive'],100.6366,99.5992,0.002820792420705159,21.00133740545909,2024-03-08 11:42:42.857000
20240225_EB_VN_106100-001_RingTrial2_20230627_EXP120A_HILICZ_USHXG02065_POS_MS2_41_RtExu-B-EcoFAB-Brachy-SynCom16_2_Reinj_500.raw,/Users/heal742/LOCAL/staging/20240225_EB_VN_106100-001_RingTrial2_20230627_EXP120A_HILICZ_USHXG02065_POS_MS2_41_RtExu-B-EcoFAB-Brachy-SynCom16_2_Reinj_500.raw,Orbitrap Exploris 120,Unknown,MB10179C,['centroid'],"[1, 2]",['30'],['positive'],101.1175,99.5993,0.002881175899505616,21.00119320195516,2024-03-10 11:50:17.214000
20240225_EB_VN_106100-001_RingTrial2_20230627_EXP120A_HILICZ_USHXG02065_POS_MS2_42_RtExu-B-EcoFAB-Brachy-SynCom16_3__132.raw,/Users/heal742/LOCAL/staging/20240225_EB_VN_106100-001_RingTrial2_20230627_EXP120A_HILICZ_USHXG02065_POS_MS2_42_RtExu-B-EcoFAB-Brachy-SynCom16_3__132.raw,Orbitrap Exploris 120,Unknown,MB10179C,['centroid'],"[1, 2]",['30'],['positive'],103.5235,99.6529,0.002850741767883301,21.00055852594376,2024-02-27 15:11:28.982000
20240225_EB_VN_106100-001_RingTrial2_20230627_EXP120A_HILICZ_USHXG02065_POS_MS2_6_RtExu-A-EcoFAB-Brachy-Axenic_6__318.raw,/Users/heal742/LOCAL/staging/20240225_EB_VN_106100-001_RingTrial2_20230627_EXP120A_HILICZ_USHXG02065_POS_MS2_6_RtExu-A-EcoFAB-Brachy-Axenic_6__318.raw,Orbitrap Exploris 120,Unknown,MB10179C,['centroid'],"[1, 2]",['30'],['positive'],100.6362,98.6285,0.002820172532399496,21.00077101828257,2024-03-07 12:33:50.909000
20240225_EB_VN_106100-001_RingTrial2_20230627_EXP120A_HILICZ_USHXG02065_POS_MS2_46_RtExu-B-EcoFAB-Brachy-SynCom16_7__355.raw,/Users/heal742/LOCAL/staging/20240225_EB_VN_106100-001_RingTrial2_20230627_EXP120A_HILICZ_USHXG02065_POS_MS2_46_RtExu-B-EcoFAB-Brachy-SynCom16_7__355.raw,Orbitrap Exploris 120,Unknown,MB10179C,['centroid'],"[1, 2]",['30'],['positive'],100.6362,99.5993,0.002832474931081136,21.00217212082545,2024-03-08 02:21:30.090000
20240225_EB_VN_106100-001_RingTrial2_20230627_EXP120A_HILICZ_USHXG02065_POS_MS2_114_RtExu-D-EcoFAB-Brachy-SynCom17_4__203.raw,/Users/heal742/LOCAL/staging/20240225_EB_VN_106100-001_RingTrial2_20230627_EXP120A_HILICZ_USHXG02065_POS_MS2_114_RtExu-D-EcoFAB-Brachy-SynCom17_4__203.raw,Orbitrap Exploris 120,Unknown,MB10179C,['centroid'],"[1, 2]",['30'],['positive'],100.6363,98.6285,0.002809193356831869,21.00363700033823,2024-02-29 03:48:23.064000
20240225_EB_VN_106100-001_RingTrial2_20230627_EXP120A_HILICZ_USHXG02065_POS_MS2_87_TxCtrl-C-EcoFAB-Medium-Sterile_2__058.raw,/Users/heal742/LOCAL/staging/20240225_EB_VN_106100-001_RingTrial2_20230627_EXP120A_HILICZ_USHXG02065_POS_MS2_87_TxCtrl-C-EcoFAB-Medium-Sterile_2__058.raw,Orbitrap Exploris 120,Unknown,MB10179C,['centroid'],"[1, 2]",['30'],['positive'],100.6364,99.5992,0.002824976666768393,21.00245385211309,2024-02-26 11:38:03.737000
20240225_EB_VN_106100-001_RingTrial2_20230627_EXP120A_HILICZ_USHXG02065_POS_MS2_86_TxCtrl-C-EcoFAB-Medium-Sterile_1__035.raw,/Users/heal742/LOCAL/staging/20240225_EB_VN_106100-001_RingTrial2_20230627_EXP120A_HILICZ_USHXG02065_POS_MS2_86_TxCtrl-C-EcoFAB-Medium-Sterile_1__035.raw,Orbitrap Exploris 120,Unknown,MB10179C,['centroid'],"[1, 2]",['30'],['positive'],103.6255,987.4960,0.00284606081644694,21.00240375242233,2024-02-26 03:04:39.430000
20240225_EB_VN_106100-001_RingTrial2_20230627_EXP120A_HILICZ_USHXG02065_POS_MS2_118_TxCtrl-D-EcoFAB-Medium-Sterile_1__056.raw,/Users/heal742/LOCAL/staging/20240225_EB_VN_106100-001_RingTrial2_20230627_EXP120A_HILICZ_USHXG02065_POS_MS2_118_TxCtrl-D-EcoFAB-Medium-Sterile_1__056.raw,Orbitrap Exploris 120,Unknown,MB10179C,['centroid'],"[1, 2]",['30'],['positive'],100.6362,98.6285,0.002831390126546224,21.00273460191091,2024-02-26 10:53:19.523000
20240225_EB_VN_106100-001_RingTrial2_20230627_EXP120A_HILICZ_USHXG02065_POS_MS2_156_TxCtrl-E-EcoFAB-Medium-Sterile_7__369.raw,/Users/heal742/LOCAL/staging/20240225_EB_VN_106100-001_RingTrial2_20230627_EXP120A_HILICZ_USHXG02065_POS_MS2_156_TxCtrl-E-EcoFAB-Medium-Sterile_7__369.raw,Orbitrap Exploris 120,Unknown,MB10179C,['centroid'],"[1, 2]",['30'],['positive'],104.8183,99.5992,0.002831910673777263,21.00053515475591,2024-03-08 07:36:02.342000
20240225_EB_VN_106100-001_RingTrial2_20230627_EXP120A_HILICZ_USHXG02065_POS_MS2_109_RtExu-D-EcoFAB-Brachy-SynCom16_6__295.raw,/Users/heal742/LOCAL/staging/20240225_EB_VN_106100-001_RingTrial2_20230627_EXP120A_HILICZ_USHXG02065_POS_MS2_109_RtExu-D-EcoFAB-Brachy-SynCom16_6__295.raw,Orbitrap Exploris 120,Unknown,MB10179C,['centroid'],"[1, 2]",['30'],['positive'],100.6363,996.2733,0.00282317263285319,21.00087390604019,2024-03-07 03:59:48.011000
20240225_EB_VN_106100-001_RingTrial2_20230627_EXP120A_HILICZ_USHXG02065_POS_MS2_166_ExCtrl-A-Tube-Empty_6__301.raw,/Users/heal742/LOCAL/staging/20240225_EB_VN_106100-001_RingTrial2_20230627_EXP120A_HILICZ_USHXG02065_POS_MS2_166_ExCtrl-A-Tube-Empty_6__301.raw,Orbitrap Exploris 120,Unknown,MB10179C,['centroid'],"[1, 2]",['30'],['positive'],102.7348,99.6529,0.002820208295186361,21.00059796037674,2024-03-07 06:13:43.220000
20240225_EB_VN_106100-001_RingTrial2_20230627_EXP120A_HILICZ_USHXG02065_POS_MS2_82_RtExu-C-EcoFAB-Brachy-SynCom17_4_Reinj_423.raw,/Users/heal742/LOCAL/staging/20240225_EB_VN_106100-001_RingTrial2_20230627_EXP120A_HILICZ_USHXG02065_POS_MS2_82_RtExu-C-EcoFAB-Brachy-SynCom17_4_Reinj_423.raw,Orbitrap Exploris 120,Unknown,MB10179C,['centroid'],"[1, 2]",['30'],['positive'],101.2195,98.6171,0.00290481112798055,21.0037307703654,2024-03-09 05:39:48.317000
20240225_EB_VN_106100-001_RingTrial2_20230627_EXP120A_HILICZ_USHXG02065_POS_MS2_147_RtExu-E-EcoFAB-Brachy-SynCom17_5__287.raw,/Users/heal742/LOCAL/staging/20240225_EB_VN_106100-001_RingTrial2_20230627_EXP120A_HILICZ_USHXG02065_POS_MS2_147_RtExu-E-EcoFAB-Brachy-SynCom17_5__287.raw,Orbitrap Exploris 120,Unknown,MB10179C,['centroid'],"[1, 2]",['30'],['positive'],100.6361,98.6285,0.002823542181650798,21.0018355890274,2024-03-07 01:00:49.715000
20240225_EB_VN_106100-001_RingTrial2_20230627_EXP120A_HILICZ_USHXG02065_POS_MS2_47_RtExu-B-EcoFAB-Brachy-SynCom17_1__031.raw,/Users/heal742/LOCAL/staging/20240225_EB_VN_106100-001_RingTrial2_20230627_EXP120A_HILICZ_USHXG02065_POS_MS2_47_RtExu-B-EcoFAB-Brachy-SynCom17_1__031.raw,Orbitrap Exploris 120,Unknown,MB10179C,['centroid'],"[1, 2]",['30'],['positive'],103.5235,99.6529,0.002857695643107097,21.00208605171839,2024-02-26 01:35:27.508000
20240225_EB_VN_106100-001_RingTrial2_20230627_EXP120A_HILICZ_USHXG02065_POS_MS2_163_ExCtrl-A-Tube-Empty_3__116.raw,/Users/heal742/LOCAL/staging/20240225_EB_VN_106100-001_RingTrial2_20230627_EXP120A_HILICZ_USHXG02065_POS_MS2_163_ExCtrl-A-Tube-Empty_3__116.raw,Orbitrap Exploris 120,Unknown,MB10179C,['centroid'],"[1, 2]",['30'],['positive'],102.7348,99.6529,0.002842393143971762,21.00267347138723,2024-02-27 09:13:59.773000
20240225_EB_VN_106100-001_RingTrial2_20230627_EXP120A_HILICZ_USHXG02065_POS_MS2_76_RtExu-C-EcoFAB-Brachy-SynCom16_5__285.raw,/Users/heal742/LOCAL/staging/20240225_EB_VN_106100-001_RingTrial2_20230627_EXP120A_HILICZ_USHXG02065_POS_MS2_76_RtExu-C-EcoFAB-Brachy-SynCom16_5__285.raw,Orbitrap Exploris 120,Unknown,MB10179C,['centroid'],"[1, 2]",['30'],['positive'],100.6362,99.6529,0.002806892617543539,21.00248145303726,2024-03-07 00:16:23.226000
20240225_EB_VN_106100-001_RingTrial2_20230627_EXP120A_HILICZ_USHXG02065_POS_MS2_58_TxCtrl-B-EcoFAB-Medium-Sterile_5__256.raw,/Users/heal742/LOCAL/staging/20240225_EB_VN_106100-001_RingTrial2_20230627_EXP120A_HILICZ_USHXG02065_POS_MS2_58_TxCtrl-B-EcoFAB-Medium-Sterile_5__256.raw,Orbitrap Exploris 120,Unknown,MB10179C,['centroid'],"[1, 2]",['30'],['positive'],104.8183,99.5992,0.002824209753672282,21.00197895409266,2024-03-06 13:27:53.309000
20240225_EB_VN_106100-001_RingTrial2_20230627_EXP120A_HILICZ_USHXG02065_POS_MS2_73_RtExu-C-EcoFAB-Brachy-SynCom16_2__064.raw,/Users/heal742/LOCAL/staging/20240225_EB_VN_106100-001_RingTrial2_20230627_EXP120A_HILICZ_USHXG02065_POS_MS2_73_RtExu-C-EcoFAB-Brachy-SynCom16_2__064.raw,Orbitrap Exploris 120,Unknown,MB10179C,['centroid'],"[1, 2]",['30'],['positive'],104.8184,99.6529,0.00299709103902181,21.00109595101674,2024-02-26 13:52:19.487000
20240225_EB_VN_106100-001_RingTrial2_20230627_EXP120A_HILICZ_USHXG02065_POS_MS2_79_RtExu-C-EcoFAB-Brachy-SynCom17_1__054.raw,/Users/heal742/LOCAL/staging/20240225_EB_VN_106100-001_RingTrial2_20230627_EXP120A_HILICZ_USHXG02065_POS_MS2_79_RtExu-C-EcoFAB-Brachy-SynCom17_1__054.raw,Orbitrap Exploris 120,Unknown,MB10179C,['centroid'],"[1, 2]",['30'],['positive'],100.6365,99.6529,0.002836357180277507,21.00278928321202,2024-02-26 10:08:35.593000
20240225_EB_VN_106100-001_RingTrial2_20230627_EXP120A_HILICZ_USHXG02065_POS_MS2_129_RtExu-E-EcoFAB-Brachy-Axenic_1_Reinj_487.raw,/Users/heal742/LOCAL/staging/20240225_EB_VN_106100-001_RingTrial2_20230627_EXP120A_HILICZ_USHXG02065_POS_MS2_129_RtExu-E-EcoFAB-Brachy-Axenic_1_Reinj_487.raw,Orbitrap Exploris 120,Unknown,MB10179C,['centroid'],"[1, 2]",['30'],['positive'],101.0610,98.6170,0.002901743475596111,21.0038510843277,2024-03-10 06:59:46.587000
20240225_EB_VN_106100-001_RingTrial2_20230627_EXP120A_HILICZ_USHXG02065_POS_MS2_130_RtExu-E-EcoFAB-Brachy-Axenic_2__083.raw,/Users/heal742/LOCAL/staging/20240225_EB_VN_106100-001_RingTrial2_20230627_EXP120A_HILICZ_USHXG02065_POS_MS2_130_RtExu-E-EcoFAB-Brachy-Axenic_2__083.raw,Orbitrap Exploris 120,Unknown,MB10179C,['centroid'],"[1, 2]",['30'],['positive'],100.6361,99.5992,0.002831592782338461,21.00264013649623,2024-02-26 20:55:56.849000
20240225_EB_VN_106100-001_RingTrial2_20230627_EXP120A_HILICZ_USHXG02065_POS_MS2_117_RtExu-D-EcoFAB-Brachy-SynCom17_7__357.raw,/Users/heal742/LOCAL/staging/20240225_EB_VN_106100-001_RingTrial2_20230627_EXP120A_HILICZ_USHXG02065_POS_MS2_117_RtExu-D-EcoFAB-Brachy-SynCom17_7__357.raw,Orbitrap Exploris 120,Unknown,MB10179C,['centroid'],"[1, 2]",['30'],['positive'],100.6363,98.6285,0.002988094711303711,21.00282943687439,2024-03-08 03:06:30.565000
20240225_EB_VN_106100-001_RingTrial2_20230627_EXP120A_HILICZ_USHXG02065_POS_MS2_28_TxCtrl-A-EcoFAB-Medium-Sterile_7__347.raw,/Users/heal742/LOCAL/staging/20240225_EB_VN_106100-001_RingTrial2_20230627_EXP120A_HILICZ_USHXG02065_POS_MS2_28_TxCtrl-A-EcoFAB-Medium-Sterile_7__347.raw,Orbitrap Exploris 120,Unknown,MB10179C,['centroid'],"[1, 2]",['30'],['positive'],104.8183,99.6529,0.002817526086171469,21.00256146631241,2024-03-07 23:22:00.030000
20240225_EB_VN_106100-001_RingTrial2_20230627_EXP120A_HILICZ_USHXG02065_POS_MS2_135_RtExu-E-EcoFAB-Brachy-Axenic_7__373.raw,/Users/heal742/LOCAL/staging/20240225_EB_VN_106100-001_RingTrial2_20230627_EXP120A_HILICZ_USHXG02065_POS_MS2_135_RtExu-E-EcoFAB-Brachy-Axenic_7__373.raw,Orbitrap Exploris 120,Unknown,MB10179C,['centroid'],"[1, 2]",['30'],['positive'],104.8183,99.5992,0.002835041904449464,21.0029016816775,2024-03-08 09:06:04.493000
20240225_EB_VN_106100-001_RingTrial2_20230627_EXP120A_HILICZ_USHXG02065_POS_MS2_148_RtExu-E-EcoFAB-Brachy-SynCom17_6__316.raw,/Users/heal742/LOCAL/staging/20240225_EB_VN_106100-001_RingTrial2_20230627_EXP120A_HILICZ_USHXG02065_POS_MS2_148_RtExu-E-EcoFAB-Brachy-SynCom17_6__316.raw,Orbitrap Exploris 120,Unknown,MB10179C,['centroid'],"[1, 2]",['30'],['positive'],101.0613,98.6170,0.002837279065450033,21.00248831949234,2024-03-07 11:49:04.250000
20240225_EB_VN_106100-001_RingTrial2_20230627_EXP120A_HILICZ_USHXG02065_POS_MS2_66_RtExu-C-EcoFAB-Brachy-Axenic_2__081.raw,/Users/heal742/LOCAL/staging/20240225_EB_VN_106100-001_RingTrial2_20230627_EXP120A_HILICZ_USHXG02065_POS_MS2_66_RtExu-C-EcoFAB-Brachy-Axenic_2__081.raw,Orbitrap Exploris 120,Unknown,MB10179C,['centroid'],"[1, 2]",['30'],['positive'],101.1174,99.6529,0.002990876261393229,21.00217539908091,2024-02-26 20:11:13.522000
20240225_EB_VN_106100-001_RingTrial2_20230627_EXP120A_HILICZ_USHXG02065_POS_MS2_104_RtExu-D-EcoFAB-Brachy-SynCom16_1__037.raw,/Users/heal742/LOCAL/staging/20240225_EB_VN_106100-001_RingTrial2_20230627_EXP120A_HILICZ_USHXG02065_POS_MS2_104_RtExu-D-EcoFAB-Brachy-SynCom16_1__037.raw,Orbitrap Exploris 120,Unknown,MB10179C,['centroid'],"[1, 2]",['30'],['positive'],101.0610,98.6285,0.002831859016418457,21.00269604962667,2024-02-26 03:49:23.526000
20240225_EB_VN_106100-001_RingTrial2_20230627_EXP120A_HILICZ_USHXG02065_POS_MS2_52_RtExu-B-EcoFAB-Brachy-SynCom17_6__307.raw,/Users/heal742/LOCAL/staging/20240225_EB_VN_106100-001_RingTrial2_20230627_EXP120A_HILICZ_USHXG02065_POS_MS2_52_RtExu-B-EcoFAB-Brachy-SynCom17_6__307.raw,Orbitrap Exploris 120,Unknown,MB10179C,['centroid'],"[1, 2]",['30'],['positive'],104.8183,99.5992,0.002832908058166504,21.00103551588058,2024-03-07 08:27:54.210000
20240225_EB_VN_106100-001_RingTrial2_20230627_EXP120A_HILICZ_USHXG02065_POS_MS2_68_RtExu-C-EcoFAB-Brachy-Axenic_4__195.raw,/Users/heal742/LOCAL/staging/20240225_EB_VN_106100-001_RingTrial2_20230627_EXP120A_HILICZ_USHXG02065_POS_MS2_68_RtExu-C-EcoFAB-Brachy-Axenic_4__195.raw,Orbitrap Exploris 120,Unknown,MB10179C,['centroid'],"[1, 2]",['30'],['positive'],104.8183,99.6529,0.002812209351857503,21.00133494399389,2024-02-29 00:50:01.567000
20240225_EB_VN_106100-001_RingTrial2_20230627_EXP120A_HILICZ_USHXG02065_POS_MS2_27_TxCtrl-A-EcoFAB-Medium-Sterile_6__293.raw,/Users/heal742/LOCAL/staging/20240225_EB_VN_106100-001_RingTrial2_20230627_EXP120A_HILICZ_USHXG02065_POS_MS2_27_TxCtrl-A-EcoFAB-Medium-Sterile_6__293.raw,Orbitrap Exploris 120,Unknown,MB10179C,['centroid'],"[1, 2]",['30'],['positive'],104.8183,98.6285,0.002818976465861003,21.0016335372289,2024-03-07 03:15:03.373000
20240225_EB_VN_106100-001_RingTrial2_20230627_EXP120A_HILICZ_USHXG02065_POS_MS2_120_TxCtrl-D-EcoFAB-Medium-Sterile_3__151.raw,/Users/heal742/LOCAL/staging/20240225_EB_VN_106100-001_RingTrial2_20230627_EXP120A_HILICZ_USHXG02065_POS_MS2_120_TxCtrl-D-EcoFAB-Medium-Sterile_3__151.raw,Orbitrap Exploris 120,Unknown,MB10179C,['centroid'],"[1, 2]",['30'],['positive'],100.6362,98.6286,0.002838061873118083,21.00254128815333,2024-02-27 22:15:41.152000
20240225_EB_VN_106100-001_RingTrial2_20230627_EXP120A_HILICZ_USHXG02065_POS_MS2_60_TxCtrl-B-EcoFAB-Medium-Sterile_7__371.raw,/Users/heal742/LOCAL/staging/20240225_EB_VN_106100-001_RingTrial2_20230627_EXP120A_HILICZ_USHXG02065_POS_MS2_60_TxCtrl-B-EcoFAB-Medium-Sterile_7__371.raw,Orbitrap Exploris 120,Unknown,MB10179C,['centroid'],"[1, 2]",['30'],['positive'],100.6364,99.5992,0.002839210255940755,21.00264016828537,2024-03-08 08:21:04.031000
20240225_EB_VN_106100-001_RingTrial2_20230627_EXP120A_HILICZ_USHXG02065_POS_MS2_57_TxCtrl-B-EcoFAB-Medium-Sterile_4__179.raw,/Users/heal742/LOCAL/staging/20240225_EB_VN_106100-001_RingTrial2_20230627_EXP120A_HILICZ_USHXG02065_POS_MS2_57_TxCtrl-B-EcoFAB-Medium-Sterile_4__179.raw,Orbitrap Exploris 120,Unknown,MB10179C,['centroid'],"[1, 2]",['30'],['positive'],104.8184,99.5992,0.002794161065419516,21.002431103007,2024-02-28 18:52:45.112000
20240225_EB_VN_106100-001_RingTrial2_20230627_EXP120A_HILICZ_USHXG02065_POS_MS2_170_ExCtrl-B-E-Tube-Empty_3__120.raw,/Users/heal742/LOCAL/staging/20240225_EB_VN_106100-001_RingTrial2_20230627_EXP120A_HILICZ_USHXG02065_POS_MS2_170_ExCtrl-B-E-Tube-Empty_3__120.raw,Orbitrap Exploris 120,Unknown,MB10179C,['centroid'],"[1, 2]",['30'],['positive'],103.5235,99.6529,0.00283914270401001,21.0016273343722,2024-02-27 10:43:31.755000
20240225_EB_VN_106100-001_RingTrial2_20230627_EXP120A_HILICZ_USHXG02065_POS_MS2_75_RtExu-C-EcoFAB-Brachy-SynCom16_4_Reinj_399.raw,/Users/heal742/LOCAL/staging/20240225_EB_VN_106100-001_RingTrial2_20230627_EXP120A_HILICZ_USHXG02065_POS_MS2_75_RtExu-C-EcoFAB-Brachy-SynCom16_4_Reinj_399.raw,Orbitrap Exploris 120,Unknown,MB10179C,['centroid'],"[1, 2]",['30'],['positive'],101.1174,99.6529,0.00287954273223877,21.00335178813934,2024-03-08 20:43:58.285000
20240225_EB_VN_106100-001_RingTrial2_20230627_EXP120A_HILICZ_USHXG02065_POS_MS2_111_RtExu-D-EcoFAB-Brachy-SynCom17_1__044.raw,/Users/heal742/LOCAL/staging/20240225_EB_VN_106100-001_RingTrial2_20230627_EXP120A_HILICZ_USHXG02065_POS_MS2_111_RtExu-D-EcoFAB-Brachy-SynCom17_1__044.raw,Orbitrap Exploris 120,Unknown,MB10179C,['centroid'],"[1, 2]",['30'],['positive'],100.6363,98.6285,0.002996328099568685,21.00270756921768,2024-02-26 06:25:33.583000
20240225_EB_VN_106100-001_RingTrial2_20230627_EXP120A_HILICZ_USHXG02065_POS_MS2_123_TxCtrl-D-EcoFAB-Medium-Sterile_6__330.raw,/Users/heal742/LOCAL/staging/20240225_EB_VN_106100-001_RingTrial2_20230627_EXP120A_HILICZ_USHXG02065_POS_MS2_123_TxCtrl-D-EcoFAB-Medium-Sterile_6__330.raw,Orbitrap Exploris 120,Unknown,MB10179C,['centroid'],"[1, 2]",['30'],['positive'],104.8184,98.6285,0.002839643383026124,21.00234938503901,2024-03-07 17:01:48.108000
20240225_EB_VN_106100-001_RingTrial2_20230627_EXP120A_HILICZ_USHXG02065_POS_MS2_145_RtExu-E-EcoFAB-Brachy-SynCom17_3__112.raw,/Users/heal742/LOCAL/staging/20240225_EB_VN_106100-001_RingTrial2_20230627_EXP120A_HILICZ_USHXG02065_POS_MS2_145_RtExu-E-EcoFAB-Brachy-SynCom17_3__112.raw,Orbitrap Exploris 120,Unknown,MB10179C,['centroid'],"[1, 2]",['30'],['positive'],101.0609,98.6285,0.00285514456431071,21.00129320265452,2024-02-27 07:44:29.924000
20240225_EB_VN_106100-001_RingTrial2_20230627_EXP120A_HILICZ_USHXG02065_POS_MS2_131_RtExu-E-EcoFAB-Brachy-Axenic_3_Reinj2_534.raw,/Users/heal742/LOCAL/staging/20240225_EB_VN_106100-001_RingTrial2_20230627_EXP120A_HILICZ_USHXG02065_POS_MS2_131_RtExu-E-EcoFAB-Brachy-Axenic_3_Reinj2_534.raw,Orbitrap Exploris 120,Unknown,MB10179C,['centroid'],"[1, 2]",['30'],['positive'],104.8184,99.5992,0.002904008452097576,21.00303201716741,2024-03-13 00:44:50.245000
20240225_EB_VN_106100-001_RingTrial2_20230627_EXP120A_HILICZ_USHXG02065_POS_MS2_142_RtExu-E-EcoFAB-Brachy-SynCom16_7__359.raw,/Users/heal742/LOCAL/staging/20240225_EB_VN_106100-001_RingTrial2_20230627_EXP120A_HILICZ_USHXG02065_POS_MS2_142_RtExu-E-EcoFAB-Brachy-SynCom16_7__359.raw,Orbitrap Exploris 120,Unknown,MB10179C,['centroid'],"[1, 2]",['30'],['positive'],100.6364,99.5992,0.002820641422271729,21.00094825687409,2024-03-08 03:51:32.488000
20240225_EB_VN_106100-001_RingTrial2_20230627_EXP120A_HILICZ_USHXG02065_POS_MS2_97_RtExu-D-EcoFAB-Brachy-Axenic_1__019.raw,/Users/heal742/LOCAL/staging/20240225_EB_VN_106100-001_RingTrial2_20230627_EXP120A_HILICZ_USHXG02065_POS_MS2_97_RtExu-D-EcoFAB-Brachy-Axenic_1__019.raw,Orbitrap Exploris 120,Unknown,MB10179C,['centroid'],"[1, 2]",['30'],['positive'],101.1628,99.6529,0.002847860876719158,21.00099487565359,2024-02-25 21:07:14.625000
20240225_EB_VN_106100-001_RingTrial2_20230627_EXP120A_HILICZ_USHXG02065_POS_MS2_13_RtExu-A-EcoFAB-Brachy-SynCom16_6__328.raw,/Users/heal742/LOCAL/staging/20240225_EB_VN_106100-001_RingTrial2_20230627_EXP120A_HILICZ_USHXG02065_POS_MS2_13_RtExu-A-EcoFAB-Brachy-SynCom16_6__328.raw,Orbitrap Exploris 120,Unknown,MB10179C,['centroid'],"[1, 2]",['30'],['positive'],100.6361,98.6285,0.002839575831095378,21.00230505507787,2024-03-07 16:17:02.540000
20240225_EB_VN_106100-001_RingTrial2_20230627_EXP120A_HILICZ_USHXG02065_POS_MS2_70_RtExu-C-EcoFAB-Brachy-Axenic_6__297.raw,/Users/heal742/LOCAL/staging/20240225_EB_VN_106100-001_RingTrial2_20230627_EXP120A_HILICZ_USHXG02065_POS_MS2_70_RtExu-C-EcoFAB-Brachy-Axenic_6__297.raw,Orbitrap Exploris 120,Unknown,MB10179C,['centroid'],"[1, 2]",['30'],['positive'],104.8183,99.6529,0.002854488913218181,21.00058341862361,2024-03-07 04:44:31.350000
20240225_EB_VN_106100-001_RingTrial2_20230627_EXP120A_HILICZ_USHXG02065_POS_MS2_99_RtExu-D-EcoFAB-Brachy-Axenic_3__128.raw,/Users/heal742/LOCAL/staging/20240225_EB_VN_106100-001_RingTrial2_20230627_EXP120A_HILICZ_USHXG02065_POS_MS2_99_RtExu-D-EcoFAB-Brachy-Axenic_3__128.raw,Orbitrap Exploris 120,Unknown,MB10179C,['centroid'],"[1, 2]",['30'],['positive'],100.6361,99.6529,0.0028383757909139,21.00270183525085,2024-02-27 13:42:32.767000
20240225_EB_VN_106100-001_RingTrial2_20230627_EXP120A_HILICZ_USHXG02065_POS_MS2_139_RtExu-E-EcoFAB-Brachy-SynCom16_4_Reinj_421.raw,/Users/heal742/LOCAL/staging/20240225_EB_VN_106100-001_RingTrial2_20230627_EXP120A_HILICZ_USHXG02065_POS_MS2_139_RtExu-E-EcoFAB-Brachy-SynCom16_4_Reinj_421.raw,Orbitrap Exploris 120,Unknown,MB10179C,['centroid'],"[1, 2]",['30'],['positive'],101.1176,98.6171,0.002921544138590495,21.00157124462128,2024-03-09 04:55:20.901000
20240225_EB_VN_106100-001_RingTrial2_20230627_EXP120A_HILICZ_USHXG02065_POS_MS2_18_RtExu-A-EcoFAB-Brachy-SynCom17_4_badinj_181.raw,/Users/heal742/LOCAL/staging/20240225_EB_VN_106100-001_RingTrial2_20230627_EXP120A_HILICZ_USHXG02065_POS_MS2_18_RtExu-A-EcoFAB-Brachy-SynCom17_4_badinj_181.raw,Orbitrap Exploris 120,Unknown,MB10179C,['centroid'],"[1, 2]",['30'],['positive'],104.8184,98.6286,0.002815261109670004,21.00276088755925,2024-02-28 19:37:28.927000
20240225_EB_VN_106100-001_RingTrial2_20230627_EXP120A_HILICZ_USHXG02065_POS_MS2_65_RtExu-C-EcoFAB-Brachy-Axenic_1__011.raw,/Users/heal742/LOCAL/staging/20240225_EB_VN_106100-001_RingTrial2_20230627_EXP120A_HILICZ_USHXG02065_POS_MS2_65_RtExu-C-EcoFAB-Brachy-Axenic_1__011.raw,Orbitrap Exploris 120,Unknown,MB10179C,['centroid'],"[1, 2]",['30'],['positive'],100.6364,99.6529,0.002998306973775228,21.00168681980769,2024-02-25 18:08:48.806000
20240225_EB_VN_106100-001_RingTrial2_20230627_EXP120A_HILICZ_USHXG02065_POS_MS2_101_RtExu-D-EcoFAB-Brachy-Axenic_5__266.raw,/Users/heal742/LOCAL/staging/20240225_EB_VN_106100-001_RingTrial2_20230627_EXP120A_HILICZ_USHXG02065_POS_MS2_101_RtExu-D-EcoFAB-Brachy-Axenic_5__266.raw,Orbitrap Exploris 120,Unknown,MB10179C,['centroid'],"[1, 2]",['30'],['positive'],100.6363,98.6285,0.002831092103322347,21.00181551815669,2024-03-06 17:11:46.015000
20240225_EB_VN_106100-001_RingTrial2_20230627_EXP120A_HILICZ_USHXG02065_POS_MS2_141_RtExu-E-EcoFAB-Brachy-SynCom16_6_Reinj2_574.raw,/Users/heal742/LOCAL/staging/20240225_EB_VN_106100-001_RingTrial2_20230627_EXP120A_HILICZ_USHXG02065_POS_MS2_141_RtExu-E-EcoFAB-Brachy-SynCom16_6_Reinj2_574.raw,Orbitrap Exploris 120,Unknown,MB10179C,['centroid'],"[1, 2]",['30'],['positive'],104.8184,98.6285,0.002901389821370443,21.00268691819509,2024-03-13 17:43:22.166000
20240225_EB_VN_106100-001_RingTrial2_20230627_EXP120A_HILICZ_USHXG02065_POS_MS2_133_RtExu-E-EcoFAB-Brachy-Axenic_5__218.raw,/Users/heal742/LOCAL/staging/20240225_EB_VN_106100-001_RingTrial2_20230627_EXP120A_HILICZ_USHXG02065_POS_MS2_133_RtExu-E-EcoFAB-Brachy-Axenic_5__218.raw,Orbitrap Exploris 120,Unknown,MB10179C,['centroid'],"[1, 2]",['30'],['positive'],104.8184,99.5992,0.002816024049123128,21.00346101961136,2024-02-29 09:23:07.576000
20240225_EB_VN_106100-001_RingTrial2_20230627_EXP120A_HILICZ_USHXG02065_POS_MS2_174_ExCtrl-B-E-Tube-Empty_7__367.raw,/Users/heal742/LOCAL/staging/20240225_EB_VN_106100-001_RingTrial2_20230627_EXP120A_HILICZ_USHXG02065_POS_MS2_174_ExCtrl-B-E-Tube-Empty_7__367.raw,Orbitrap Exploris 120,Unknown,MB10179C,['centroid'],"[1, 2]",['30'],['positive'],102.7349,99.6529,0.002827424430847169,21.00197455129623,2024-03-08 06:51:35.064000
20240225_EB_VN_106100-001_RingTrial2_20230627_EXP120A_HILICZ_USHXG02065_POS_MS2_22_TxCtrl-A-EcoFAB-Medium-Sterile_1__048.raw,/Users/heal742/LOCAL/staging/20240225_EB_VN_106100-001_RingTrial2_20230627_EXP120A_HILICZ_USHXG02065_POS_MS2_22_TxCtrl-A-EcoFAB-Medium-Sterile_1__048.raw,Orbitrap Exploris 120,Unknown,MB10179C,['centroid'],"[1, 2]",['30'],['positive'],104.8183,98.6285,0.002826979382832845,21.00264458697637,2024-02-26 07:55:06.886000
20240225_EB_VN_106100-001_RingTrial2_20230627_EXP120A_HILICZ_USHXG02065_POS_MS2_81_RtExu-C-EcoFAB-Brachy-SynCom17_3__130.raw,/Users/heal742/LOCAL/staging/20240225_EB_VN_106100-001_RingTrial2_20230627_EXP120A_HILICZ_USHXG02065_POS_MS2_81_RtExu-C-EcoFAB-Brachy-SynCom17_3__130.raw,Orbitrap Exploris 120,Unknown,MB10179C,['centroid'],"[1, 2]",['30'],['positive'],103.6256,99.6529,0.002829061571756999,21.00105547151566,2024-02-27 14:27:00.434000
20240225_EB_VN_106100-001_RingTrial2_20230627_EXP120A_HILICZ_USHXG02065_POS_MS2_140_RtExu-E-EcoFAB-Brachy-SynCom16_5__264.raw,/Users/heal742/LOCAL/staging/20240225_EB_VN_106100-001_RingTrial2_20230627_EXP120A_HILICZ_USHXG02065_POS_MS2_140_RtExu-E-EcoFAB-Brachy-SynCom16_5__264.raw,Orbitrap Exploris 120,Unknown,MB10179C,['centroid'],"[1, 2]",['30'],['positive'],104.8184,98.6286,0.002811343097686768,21.00243192157745,2024-03-06 16:27:00.325000
20240225_EB_VN_106100-001_RingTrial2_20230627_EXP120A_HILICZ_USHXG02065_POS_MS2_106_RtExu-D-EcoFAB-Brachy-SynCom16_3__126.raw,/Users/heal742/LOCAL/staging/20240225_EB_VN_106100-001_RingTrial2_20230627_EXP120A_HILICZ_USHXG02065_POS_MS2_106_RtExu-D-EcoFAB-Brachy-SynCom16_3__126.raw,Orbitrap Exploris 120,Unknown,MB10179C,['centroid'],"[1, 2]",['30'],['positive'],101.0610,99.6528,0.00285589558283488,21.00154843769073,2024-02-27 12:57:47.503000
20240225_EB_VN_106100-001_RingTrial2_20230627_EXP120A_HILICZ_USHXG02065_POS_MS2_17_RtExu-A-EcoFAB-Brachy-SynCom17_3__147.raw,/Users/heal742/LOCAL/staging/20240225_EB_VN_106100-001_RingTrial2_20230627_EXP120A_HILICZ_USHXG02065_POS_MS2_17_RtExu-A-EcoFAB-Brachy-SynCom17_3__147.raw,Orbitrap Exploris 120,Unknown,MB10179C,['centroid'],"[1, 2]",['30'],['positive'],100.6366,98.6286,0.002831243101755778,21.00062595866521,2024-02-27 20:46:26.298000
20240225_EB_VN_106100-001_RingTrial2_20230627_EXP120A_HILICZ_USHXG02065_POS_MS2_100_RtExu-D-EcoFAB-Brachy-Axenic_4_Reinj_444.raw,/Users/heal742/LOCAL/staging/20240225_EB_VN_106100-001_RingTrial2_20230627_EXP120A_HILICZ_USHXG02065_POS_MS2_100_RtExu-D-EcoFAB-Brachy-Axenic_4_Reinj_444.raw,Orbitrap Exploris 120,Unknown,MB10179C,['centroid'],"[1, 2]",['30'],['positive'],101.1176,99.6528,0.002910390122731527,21.00073638401031,2024-03-09 13:29:00.809000
20240225_EB_VN_106100-001_RingTrial2_20230627_EXP120A_HILICZ_USHXG02065_POS_MS2_116_RtExu-D-EcoFAB-Brachy-SynCom17_6__334.raw,/Users/heal742/LOCAL/staging/20240225_EB_VN_106100-001_RingTrial2_20230627_EXP120A_HILICZ_USHXG02065_POS_MS2_116_RtExu-D-EcoFAB-Brachy-SynCom17_6__334.raw,Orbitrap Exploris 120,Unknown,MB10179C,['centroid'],"[1, 2]",['30'],['positive'],101.0610,98.6285,0.002822775268554688,21.00103681923548,2024-03-07 18:31:17.546000
20240225_EB_VN_106100-001_RingTrial2_20230627_EXP120A_HILICZ_USHXG02065_POS_MS2_20_RtExu-A-EcoFAB-Brachy-SynCom17_6__312.raw,/Users/heal742/LOCAL/staging/20240225_EB_VN_106100-001_RingTrial2_20230627_EXP120A_HILICZ_USHXG02065_POS_MS2_20_RtExu-A-EcoFAB-Brachy-SynCom17_6__312.raw,Orbitrap Exploris 120,Unknown,MB10179C,['centroid'],"[1, 2]",['30'],['positive'],101.0610,98.6285,0.002829411252339681,21.0026039525032,2024-03-07 10:19:31.919000
20240225_EB_VN_106100-001_RingTrial2_20230627_EXP120A_HILICZ_USHXG02065_POS_MS2_149_RtExu-E-EcoFAB-Brachy-SynCom17_7__361.raw,/Users/heal742/LOCAL/staging/20240225_EB_VN_106100-001_RingTrial2_20230627_EXP120A_HILICZ_USHXG02065_POS_MS2_149_RtExu-E-EcoFAB-Brachy-SynCom17_7__361.raw,Orbitrap Exploris 120,Unknown,MB10179C,['centroid'],"[1, 2]",['30'],['positive'],101.0612,98.6285,0.002833106740315755,21.00238579950333,2024-03-08 04:36:33.717000
20240225_EB_VN_106100-001_RingTrial2_20230627_EXP120A_HILICZ_USHXG02065_POS_MS2_108_RtExu-D-EcoFAB-Brachy-SynCom16_5__283.raw,/Users/heal742/LOCAL/staging/20240225_EB_VN_106100-001_RingTrial2_20230627_EXP120A_HILICZ_USHXG02065_POS_MS2_108_RtExu-D-EcoFAB-Brachy-SynCom16_5__283.raw,Orbitrap Exploris 120,Unknown,MB10179C,['centroid'],"[1, 2]",['30'],['positive'],101.0613,98.6285,0.002823407077789307,21.0022327864329,2024-03-06 23:31:37.667000
20240225_EB_VN_106100-001_RingTrial2_20230627_EXP120A_HILICZ_USHXG02065_POS_MS2_154_TxCtrl-E-EcoFAB-Medium-Sterile_5_Added_249.raw,/Users/heal742/LOCAL/staging/20240225_EB_VN_106100-001_RingTrial2_20230627_EXP120A_HILICZ_USHXG02065_POS_MS2_154_TxCtrl-E-EcoFAB-Medium-Sterile_5_Added_249.raw,Orbitrap Exploris 120,Unknown,MB10179C,['centroid'],"[1, 2]",['30'],['positive'],100.6361,99.5992,0.002803542836507162,21.00101500612895,2024-03-06 10:31:22.574000
20240225_EB_VN_106100-001_RingTrial2_20230627_EXP120A_HILICZ_USHXG02065_POS_MS2_162_ExCtrl-A-Tube-Empty_2__101.raw,/Users/heal742/LOCAL/staging/20240225_EB_VN_106100-001_RingTrial2_20230627_EXP120A_HILICZ_USHXG02065_POS_MS2_162_ExCtrl-A-Tube-Empty_2__101.raw,Orbitrap Exploris 120,Unknown,MB10179C,['centroid'],"[1, 2]",['30'],['positive'],104.8183,99.6529,0.002829224491119385,21.00260841887792,2024-02-27 03:38:47.621000
20240225_EB_VN_106100-001_RingTrial2_20230627_EXP120A_HILICZ_USHXG02065_POS_MS2_113_RtExu-D-EcoFAB-Brachy-SynCom17_3__153.raw,/Users/heal742/LOCAL/staging/20240225_EB_VN_106100-001_RingTrial2_20230627_EXP120A_HILICZ_USHXG02065_POS_MS2_113_RtExu-D-EcoFAB-Brachy-SynCom17_3__153.raw,Orbitrap Exploris 120,Unknown,MB10179C,['centroid'],"[1, 2]",['30'],['positive'],101.0609,98.6285,0.002825310452779134,21.00290915212631,2024-02-27 23:00:27.172000
20240225_EB_VN_106100-001_RingTrial2_20230627_EXP120A_HILICZ_USHXG02065_POS_MS2_59_TxCtrl-B-EcoFAB-Medium-Sterile_6__299.raw,/Users/heal742/LOCAL/staging/20240225_EB_VN_106100-001_RingTrial2_20230627_EXP120A_HILICZ_USHXG02065_POS_MS2_59_TxCtrl-B-EcoFAB-Medium-Sterile_6__299.raw,Orbitrap Exploris 120,Unknown,MB10179C,['centroid'],"[1, 2]",['30'],['positive'],104.8183,99.5992,0.00282310905456543,21.00213760178884,2024-03-07 05:29:15.154000
20240225_EB_VN_106100-001_RingTrial2_20230627_EXP120A_HILICZ_USHXG02065_POS_MS2_124_TxCtrl-D-EcoFAB-Medium-Sterile_7__378.raw,/Users/heal742/LOCAL/staging/20240225_EB_VN_106100-001_RingTrial2_20230627_EXP120A_HILICZ_USHXG02065_POS_MS2_124_TxCtrl-D-EcoFAB-Medium-Sterile_7__378.raw,Orbitrap Exploris 120,Unknown,MB10179C,['centroid'],"[1, 2]",['30'],['positive'],100.6363,98.6285,0.002822644138336182,21.00228050193786,2024-03-08 10:57:41.830000
20240225_EB_VN_106100-001_RingTrial2_20230627_EXP120A_HILICZ_USHXG02065_POS_MS2_45_RtExu-B-EcoFAB-Brachy-SynCom16_6_Reinj2_570.raw,/Users/heal742/LOCAL/staging/20240225_EB_VN_106100-001_RingTrial2_20230627_EXP120A_HILICZ_USHXG02065_POS_MS2_45_RtExu-B-EcoFAB-Brachy-SynCom16_6_Reinj2_570.raw,Orbitrap Exploris 120,Unknown,MB10179C,['centroid'],"[1, 2]",['30'],['positive'],101.1175,99.5993,0.002907274786631266,21.0013354724884,2024-03-13 16:13:55.505000
20240225_EB_VN_106100-001_RingTrial2_20230627_EXP120A_HILICZ_USHXG02065_POS_MS2_136_RtExu-E-EcoFAB-Brachy-SynCom16_1__013.raw,/Users/heal742/LOCAL/staging/20240225_EB_VN_106100-001_RingTrial2_20230627_EXP120A_HILICZ_USHXG02065_POS_MS2_136_RtExu-E-EcoFAB-Brachy-SynCom16_1__013.raw,Orbitrap Exploris 120,Unknown,MB10179C,['centroid'],"[1, 2]",['30'],['positive'],103.5234,98.6285,0.002818944676717122,21.00238912146886,2024-02-25 18:53:34.496000
20240225_EB_VN_106100-001_RingTrial2_20230627_EXP120A_HILICZ_USHXG02065_POS_MS2_23_TxCtrl-A-EcoFAB-Medium-Sterile_2__068.raw,/Users/heal742/LOCAL/staging/20240225_EB_VN_106100-001_RingTrial2_20230627_EXP120A_HILICZ_USHXG02065_POS_MS2_23_TxCtrl-A-EcoFAB-Medium-Sterile_2__068.raw,Orbitrap Exploris 120,Unknown,MB10179C,['centroid'],"[1, 2]",['30'],['positive'],100.6362,987.4950,0.002836257839202881,21.00206155023575,2024-02-26 15:21:28.994000
20240225_EB_VN_106100-001_RingTrial2_20230627_EXP120A_HILICZ_USHXG02065_POS_MS2_43_RtExu-B-EcoFAB-Brachy-SynCom16_4_Reinj_448.raw,/Users/heal742/LOCAL/staging/20240225_EB_VN_106100-001_RingTrial2_20230627_EXP120A_HILICZ_USHXG02065_POS_MS2_43_RtExu-B-EcoFAB-Brachy-SynCom16_4_Reinj_448.raw,Orbitrap Exploris 120,Unknown,MB10179C,['centroid'],"[1, 2]",['30'],['positive'],101.1176,99.6529,0.003043876711527507,21.00170155407588,2024-03-09 15:29:45.495000
20240225_EB_VN_106100-001_RingTrial2_20230627_EXP120A_HILICZ_USHXG02065_POS_MS2_173_ExCtrl-B-E-Tube-Empty_6__289.raw,/Users/heal742/LOCAL/staging/20240225_EB_VN_106100-001_RingTrial2_20230627_EXP120A_HILICZ_USHXG02065_POS_MS2_173_ExCtrl-B-E-Tube-Empty_6__289.raw,Orbitrap Exploris 120,Unknown,MB10179C,['centroid'],"[1, 2]",['30'],['positive'],102.7348,99.6528,0.002824293200174968,21.00098778448105,2024-03-07 01:45:33.343000
20240225_EB_VN_106100-001_RingTrial2_20230627_EXP120A_HILICZ_USHXG02065_POS_MS2_171_ExCtrl-B-E-Tube-Empty_4__175.raw,/Users/heal742/LOCAL/staging/20240225_EB_VN_106100-001_RingTrial2_20230627_EXP120A_HILICZ_USHXG02065_POS_MS2_171_ExCtrl-B-E-Tube-Empty_4__175.raw,Orbitrap Exploris 120,Unknown,MB10179C,['centroid'],"[1, 2]",['30'],['positive'],102.7349,99.6529,0.00280862512588501,21.00175923547745,2024-02-28 17:23:34.730000
20240225_EB_VN_106100-001_RingTrial2_20230627_EXP120A_HILICZ_USHXG02065_POS_MS2_3_RtExu-A-EcoFAB-Brachy-Axenic_3__118.raw,/Users/heal742/LOCAL/staging/20240225_EB_VN_106100-001_RingTrial2_20230627_EXP120A_HILICZ_USHXG02065_POS_MS2_3_RtExu-A-EcoFAB-Brachy-Axenic_3__118.raw,Orbitrap Exploris 120,Unknown,MB10179C,['centroid'],"[1, 2]",['30'],['positive'],104.8184,98.6285,0.002834576988220215,21.00065676809946,2024-02-27 09:58:44.280000
20240225_EB_VN_106100-001_RingTrial2_20230627_EXP120A_HILICZ_USHXG02065_POS_MS2_11_RtExu-A-EcoFAB-Brachy-SynCom16_4__165.raw,/Users/heal742/LOCAL/staging/20240225_EB_VN_106100-001_RingTrial2_20230627_EXP120A_HILICZ_USHXG02065_POS_MS2_11_RtExu-A-EcoFAB-Brachy-SynCom16_4__165.raw,Orbitrap Exploris 120,Unknown,MB10179C,['centroid'],"[1, 2]",['30'],['positive'],100.6363,98.6285,0.002823589865366618,21.00105565032959,2024-02-28 03:27:31.690000
20240225_EB_VN_106100-001_RingTrial2_20230627_EXP120A_HILICZ_USHXG02065_POS_MS2_85_RtExu-C-EcoFAB-Brachy-SynCom17_7__345.raw,/Users/heal742/LOCAL/staging/20240225_EB_VN_106100-001_RingTrial2_20230627_EXP120A_HILICZ_USHXG02065_POS_MS2_85_RtExu-C-EcoFAB-Brachy-SynCom17_7__345.raw,Orbitrap Exploris 120,Unknown,MB10179C,['centroid'],"[1, 2]",['30'],['positive'],104.8184,99.5992,0.002822075907389323,21.00070313653946,2024-03-07 22:37:14.968000
20240225_EB_VN_106100-001_RingTrial2_20230627_EXP120A_HILICZ_USHXG02065_POS_MS2_90_TxCtrl-C-EcoFAB-Medium-Sterile_5_Reinj_413.raw,/Users/heal742/LOCAL/staging/20240225_EB_VN_106100-001_RingTrial2_20230627_EXP120A_HILICZ_USHXG02065_POS_MS2_90_TxCtrl-C-EcoFAB-Medium-Sterile_5_Reinj_413.raw,Orbitrap Exploris 120,Unknown,MB10179C,['centroid'],"[1, 2]",['30'],['positive'],104.8184,99.5877,0.002901409689585368,21.00177753807704,2024-03-09 01:56:17.462000
20240225_EB_VN_106100-001_RingTrial2_20230627_EXP120A_HILICZ_USHXG02065_POS_MS2_50_RtExu-B-EcoFAB-Brachy-SynCom17_4__167.raw,/Users/heal742/LOCAL/staging/20240225_EB_VN_106100-001_RingTrial2_20230627_EXP120A_HILICZ_USHXG02065_POS_MS2_50_RtExu-B-EcoFAB-Brachy-SynCom17_4__167.raw,Orbitrap Exploris 120,Unknown,MB10179C,['centroid'],"[1, 2]",['30'],['positive'],104.8184,99.5975,0.003017893060048421,21.00286577186584,2024-02-28 04:12:19.298000
20240225_EB_VN_106100-001_RingTrial2_20230627_EXP120A_HILICZ_USHXG02065_POS_MS2_44_RtExu-B-EcoFAB-Brachy-SynCom16_5__258.raw,/Users/heal742/LOCAL/staging/20240225_EB_VN_106100-001_RingTrial2_20230627_EXP120A_HILICZ_USHXG02065_POS_MS2_44_RtExu-B-EcoFAB-Brachy-SynCom16_5__258.raw,Orbitrap Exploris 120,Unknown,MB10179C,['centroid'],"[1, 2]",['30'],['positive'],104.8184,99.5975,0.00281250737508138,21.00239983441035,2024-03-06 14:12:37.338000
20240225_EB_VN_106100-001_RingTrial2_20230627_EXP120A_HILICZ_USHXG02065_POS_MS2_146_RtExu-E-EcoFAB-Brachy-SynCom17_4__183.raw,/Users/heal742/LOCAL/staging/20240225_EB_VN_106100-001_RingTrial2_20230627_EXP120A_HILICZ_USHXG02065_POS_MS2_146_RtExu-E-EcoFAB-Brachy-SynCom17_4__183.raw,Orbitrap Exploris 120,Unknown,MB10179C,['centroid'],"[1, 2]",['30'],['positive'],104.8182,98.6285,0.002808458232879639,21.00337420345942,2024-02-28 20:22:12.919000
20240225_EB_VN_106100-001_RingTrial2_20230627_EXP120A_HILICZ_USHXG02065_POS_MS2_83_RtExu-C-EcoFAB-Brachy-SynCom17_5__272.raw,/Users/heal742/LOCAL/staging/20240225_EB_VN_106100-001_RingTrial2_20230627_EXP120A_HILICZ_USHXG02065_POS_MS2_83_RtExu-C-EcoFAB-Brachy-SynCom17_5__272.raw,Orbitrap Exploris 120,Unknown,MB10179C,['centroid'],"[1, 2]",['30'],['positive'],101.1177,98.6285,0.002811474227905274,21.00070197445552,2024-03-06 19:26:00.859000
20240225_EB_VN_106100-001_RingTrial2_20230627_EXP120A_HILICZ_USHXG02065_POS_MS2_137_RtExu-E-EcoFAB-Brachy-SynCom16_2__093.raw,/Users/heal742/LOCAL/staging/20240225_EB_VN_106100-001_RingTrial2_20230627_EXP120A_HILICZ_USHXG02065_POS_MS2_137_RtExu-E-EcoFAB-Brachy-SynCom16_2__093.raw,Orbitrap Exploris 120,Unknown,MB10179C,['centroid'],"[1, 2]",['30'],['positive'],100.6361,99.6529,0.002848294003804525,21.00121111911138,2024-02-27 00:39:42.712000
20240225_EB_VN_106100-001_RingTrial2_20230627_EXP120A_HILICZ_USHXG02065_POS_MS2_15_RtExu-A-EcoFAB-Brachy-SynCom17_1__025.raw,/Users/heal742/LOCAL/staging/20240225_EB_VN_106100-001_RingTrial2_20230627_EXP120A_HILICZ_USHXG02065_POS_MS2_15_RtExu-A-EcoFAB-Brachy-SynCom17_1__025.raw,Orbitrap Exploris 120,Unknown,MB10179C,['centroid'],"[1, 2]",['30'],['positive'],100.6365,98.6285,0.002819493039449057,21.0027977391243,2024-02-25 23:21:29.611000
20240225_EB_VN_106100-001_RingTrial2_20230627_EXP120A_HILICZ_USHXG02065_POS_MS2_105_RtExu-D-EcoFAB-Brachy-SynCom16_2_Reinj_438.raw,/Users/heal742/LOCAL/staging/20240225_EB_VN_106100-001_RingTrial2_20230627_EXP120A_HILICZ_USHXG02065_POS_MS2_105_RtExu-D-EcoFAB-Brachy-SynCom16_2_Reinj_438.raw,Orbitrap Exploris 120,Unknown,MB10179C,['centroid'],"[1, 2]",['30'],['positive'],101.0611,97.5969,0.002908339722951253,21.00091986697515,2024-03-09 11:14:40.812000
20240225_EB_VN_106100-001_RingTrial2_20230627_EXP120A_HILICZ_USHXG02065_POS_MS2_54_TxCtrl-B-EcoFAB-Medium-Sterile_1__033.raw,/Users/heal742/LOCAL/staging/20240225_EB_VN_106100-001_RingTrial2_20230627_EXP120A_HILICZ_USHXG02065_POS_MS2_54_TxCtrl-B-EcoFAB-Medium-Sterile_1__033.raw,Orbitrap Exploris 120,Unknown,MB10179C,['centroid'],"[1, 2]",['30'],['positive'],103.6256,99.5992,0.002819059912363688,21.00078168970744,2024-02-26 02:20:11.798000
20240225_EB_VN_106100-001_RingTrial2_20230627_EXP120A_HILICZ_USHXG02065_POS_MS2_49_RtExu-B-EcoFAB-Brachy-SynCom17_3_Reinj_465.raw,/Users/heal742/LOCAL/staging/20240225_EB_VN_106100-001_RingTrial2_20230627_EXP120A_HILICZ_USHXG02065_POS_MS2_49_RtExu-B-EcoFAB-Brachy-SynCom17_3_Reinj_465.raw,Orbitrap Exploris 120,Unknown,MB10179C,['centroid'],"[1, 2]",['30'],['positive'],101.0155,99.5992,0.002886989339192709,21.00118153533936,2024-03-09 21:49:16.969000
20240225_EB_VN_106100-001_RingTrial2_20230627_EXP120A_HILICZ_USHXG02065_POS_MS2_151_TxCtrl-E-EcoFAB-Medium-Sterile_2__079.raw,/Users/heal742/LOCAL/staging/20240225_EB_VN_106100-001_RingTrial2_20230627_EXP120A_HILICZ_USHXG02065_POS_MS2_151_TxCtrl-E-EcoFAB-Medium-Sterile_2__079.raw,Orbitrap Exploris 120,Unknown,MB10179C,['centroid'],"[1, 2]",['30'],['positive'],100.6362,99.5992,0.002846791966756186,21.00243171892166,2024-02-26 19:26:45.635000
20240225_EB_VN_106100-001_RingTrial2_20230627_EXP120A_HILICZ_USHXG02065_POS_MS2_115_RtExu-D-EcoFAB-Brachy-SynCom17_5_Reinj2_593.raw,/Users/heal742/LOCAL/staging/20240225_EB_VN_106100-001_RingTrial2_20230627_EXP120A_HILICZ_USHXG02065_POS_MS2_115_RtExu-D-EcoFAB-Brachy-SynCom17_5_Reinj2_593.raw,Orbitrap Exploris 120,Unknown,MB10179C,['centroid'],"[1, 2]",['30'],['positive'],104.8183,98.6285,0.002895175043741862,21.00151251993179,2024-03-14 00:47:01.088000
20240225_EB_VN_106100-001_RingTrial2_20230627_EXP120A_HILICZ_USHXG02065_POS_MS2_150_TxCtrl-E-EcoFAB-Medium-Sterile_1__015.raw,/Users/heal742/LOCAL/staging/20240225_EB_VN_106100-001_RingTrial2_20230627_EXP120A_HILICZ_USHXG02065_POS_MS2_150_TxCtrl-E-EcoFAB-Medium-Sterile_1__015.raw,Orbitrap Exploris 120,Unknown,MB10179C,['centroid'],"[1, 2]",['30'],['positive'],104.8183,989.5340,0.002988778177897136,21.00257835429509,2024-02-25 19:38:19.545000
20240225_EB_VN_106100-001_RingTrial2_20230627_EXP120A_HILICZ_USHXG02065_POS_MS2_80_RtExu-C-EcoFAB-Brachy-SynCom17_2__095.raw,/Users/heal742/LOCAL/staging/20240225_EB_VN_106100-001_RingTrial2_20230627_EXP120A_HILICZ_USHXG02065_POS_MS2_80_RtExu-C-EcoFAB-Brachy-SynCom17_2__095.raw,Orbitrap Exploris 120,Unknown,MB10179C,['centroid'],"[1, 2]",['30'],['positive'],100.6362,99.6529,0.002988992754618327,21.00100020211537,2024-02-27 01:24:28.531000
20240225_EB_VN_106100-001_RingTrial2_20230627_EXP120A_HILICZ_USHXG02065_POS_MS2_25_TxCtrl-A-EcoFAB-Medium-Sterile_4__191.raw,/Users/heal742/LOCAL/staging/20240225_EB_VN_106100-001_RingTrial2_20230627_EXP120A_HILICZ_USHXG02065_POS_MS2_25_TxCtrl-A-EcoFAB-Medium-Sterile_4__191.raw,Orbitrap Exploris 120,Unknown,MB10179C,['centroid'],"[1, 2]",['30'],['positive'],104.8184,99.6528,0.002977862580617269,21.00191728712717,2024-02-28 23:20:50.931000
20240225_EB_VN_106100-001_RingTrial2_20230627_EXP120A_HILICZ_USHXG02065_POS_MS2_172_ExCtrl-B-E-Tube-Empty_5__270.raw,/Users/heal742/LOCAL/staging/20240225_EB_VN_106100-001_RingTrial2_20230627_EXP120A_HILICZ_USHXG02065_POS_MS2_172_ExCtrl-B-E-Tube-Empty_5__270.raw,Orbitrap Exploris 120,Unknown,MB10179C,['centroid'],"[1, 2]",['30'],['positive'],103.5234,99.6529,0.00282166264851888,21.00127337020238,2024-03-06 18:41:15.421000
