raw_file_name,biosample_id,biosample_name,match_confidence,treatment_code,ionization_mode
20190103_KBL_JP_502924_Soil_13CFlux_QE-139_HILIC_USHGX01163_NEG_MSMS_GRE-MB-110_statanox-12C-anox-44-000_2_Rg70to1050-CE102040-83-S1_Run186.mzML,nmdc:bsm-11-302b5a66,"Lab enrichment of tropical soil microbial communities from Luquillo Experimental Forest, Puerto Rico - statanox.12C.anox.44.000.108",high,statanox-12C-anox-44-000,NEG
20190103_KBL_JP_502924_Soil_13CFlux_QE-139_HILIC_USHGX01163_POS_MSMS_GRE-MB-178_flux8day-12C-oxic-44-000_5_Rg70to1050-CE102040-116-S1_Run400.mzML,nmdc:bsm-11-c6g7jb68,"Lab enrichment of tropical soil microbial communities from Luquillo Experimental Forest, Puerto Rico - flux8day.12C.oxic.44.000.176",high,flux8day-12C-oxic-44-000,POS
20190103_KBL_JP_502924_Soil_13CFlux_QE-139_HILIC_USHGX01163_NEG_MSMS_GRE-MB-178_flux8day-12C-oxic-44-000_5_Rg70to1050-CE102040-116-S1_Run401.mzML,nmdc:bsm-11-c6g7jb68,"Lab enrichment of tropical soil microbial communities from Luquillo Experimental Forest, Puerto Rico - flux8day.12C.oxic.44.000.176",high,flux8day-12C-oxic-44-000,NEG
20190103_KBL_JP_502924_Soil_13CFlux_QE-139_HILIC_USHGX01163_NEG_MSMS_GRE-MB-170_flux4day-12C-oxic-44-000_4_Rg70to1050-CE102040-108-S1_Run375.mzML,nmdc:bsm-11-jyswqd53,"Lab enrichment of tropical soil microbial communities from Luquillo Experimental Forest, Puerto Rico - flux4day.12C.oxic.44.000.172",high,flux4day-12C-oxic-44-000,NEG
20190103_KBL_JP_502924_Soil_13CFlux_QE-139_HILIC_USHGX01163_POS_MSMS_GRE-MB-177_flux8day-12C-oxic-44-000_3_Rg70to1050-CE102040-115-S1_Run264.mzML,nmdc:bsm-11-c6g7jb68,"Lab enrichment of tropical soil microbial communities from Luquillo Experimental Forest, Puerto Rico - flux8day.12C.oxic.44.000.176",high,flux8day-12C-oxic-44-000,POS
20190103_KBL_JP_502924_Soil_13CFlux_QE-139_HILIC_USHGX01163_POS_MSMS_GRE-MB-108_statanox-12C-anox-44-000_4_Rg70to1050-CE102040-81-S1_Run366.mzML,nmdc:bsm-11-302b5a66,"Lab enrichment of tropical soil microbial communities from Luquillo Experimental Forest, Puerto Rico - statanox.12C.anox.44.000.108",high,statanox-12C-anox-44-000,POS
20190103_KBL_JP_502924_Soil_13CFlux_QE-139_HILIC_USHGX01163_POS_MSMS_GRE-MB-111_statanox-12C-anox-44-000_5_Rg70to1050-CE102040-84-S1_Run392.mzML,nmdc:bsm-11-302b5a66,"Lab enrichment of tropical soil microbial communities from Luquillo Experimental Forest, Puerto Rico - statanox.12C.anox.44.000.108",high,statanox-12C-anox-44-000,POS
20190103_KBL_JP_502924_Soil_13CFlux_QE-139_HILIC_USHGX01163_NEG_MSMS_GRE-MB-173_flux4day-12C-oxic-44-000_3_Rg70to1050-CE102040-111-S1_Run323.mzML,nmdc:bsm-11-jyswqd53,"Lab enrichment of tropical soil microbial communities from Luquillo Experimental Forest, Puerto Rico - flux4day.12C.oxic.44.000.172",high,flux4day-12C-oxic-44-000,NEG
20190103_KBL_JP_502924_Soil_13CFlux_QE-139_HILIC_USHGX01163_NEG_MSMS_GRE-MB-169_flux4day-12C-oxic-44-000_1_Rg70to1050-CE102040-107-S1_Run120.mzML,nmdc:bsm-11-jyswqd53,"Lab enrichment of tropical soil microbial communities from Luquillo Experimental Forest, Puerto Rico - flux4day.12C.oxic.44.000.172",high,flux4day-12C-oxic-44-000,NEG
20190103_KBL_JP_502924_Soil_13CFlux_QE-139_HILIC_USHGX01163_POS_MSMS_GRE-MB-171_flux4day-12C-oxic-44-000_2_Rg70to1050-CE102040-109-S1_Run220.mzML,nmdc:bsm-11-jyswqd53,"Lab enrichment of tropical soil microbial communities from Luquillo Experimental Forest, Puerto Rico - flux4day.12C.oxic.44.000.172",high,flux4day-12C-oxic-44-000,POS
20190103_KBL_JP_502924_Soil_13CFlux_QE-139_HILIC_USHGX01163_POS_MSMS_GRE-MB-175_flux8day-12C-oxic-44-000_2_Rg70to1050-CE102040-113-S1_Run200.mzML,nmdc:bsm-11-c6g7jb68,"Lab enrichment of tropical soil microbial communities from Luquillo Experimental Forest, Puerto Rico - flux8day.12C.oxic.44.000.176",high,flux8day-12C-oxic-44-000,POS
20190103_KBL_JP_502924_Soil_13CFlux_QE-139_HILIC_USHGX01163_NEG_MSMS_GRE-MB-112_statanox-12C-anox-44-000_3_Rg70to1050-CE102040-85-S1_Run268.mzML,nmdc:bsm-11-302b5a66,"Lab enrichment of tropical soil microbial communities from Luquillo Experimental Forest, Puerto Rico - statanox.12C.anox.44.000.108",high,statanox-12C-anox-44-000,NEG
20190103_KBL_JP_502924_Soil_13CFlux_QE-139_HILIC_USHGX01163_NEG_MSMS_GRE-MB-174_flux8day-12C-oxic-44-000_1_Rg70to1050-CE102040-112-S1_Run123.mzML,nmdc:bsm-11-c6g7jb68,"Lab enrichment of tropical soil microbial communities from Luquillo Experimental Forest, Puerto Rico - flux8day.12C.oxic.44.000.176",high,flux8day-12C-oxic-44-000,NEG
20190103_KBL_JP_502924_Soil_13CFlux_QE-139_HILIC_USHGX01163_POS_MSMS_GRE-MB-082_statoxic-12C-oxic-44-000_5_Rg70to1050-CE102040-64-S1_Run406.mzML,nmdc:bsm-11-rz68jz92,"Lab enrichment of tropical soil microbial communities from Luquillo Experimental Forest, Puerto Rico - statoxic.12C.oxic.44.000.082",high,statoxic-12C-oxic-44-000,POS
20190103_KBL_JP_502924_Soil_13CFlux_QE-139_HILIC_USHGX01163_NEG_MSMS_GRE-MB-111_statanox-12C-anox-44-000_5_Rg70to1050-CE102040-84-S1_Run393.mzML,nmdc:bsm-11-302b5a66,"Lab enrichment of tropical soil microbial communities from Luquillo Experimental Forest, Puerto Rico - statanox.12C.anox.44.000.108",high,statanox-12C-anox-44-000,NEG
20190103_KBL_JP_502924_Soil_13CFlux_QE-139_HILIC_USHGX01163_POS_MSMS_GRE-MB-173_flux4day-12C-oxic-44-000_3_Rg70to1050-CE102040-111-S1_Run322.mzML,nmdc:bsm-11-jyswqd53,"Lab enrichment of tropical soil microbial communities from Luquillo Experimental Forest, Puerto Rico - flux4day.12C.oxic.44.000.172",high,flux4day-12C-oxic-44-000,POS
20190103_KBL_JP_502924_Soil_13CFlux_QE-139_HILIC_USHGX01163_NEG_MSMS_GRE-MB-172_flux4day-12C-oxic-44-000_5_Rg70to1050-CE102040-110-S1_Run404.mzML,nmdc:bsm-11-jyswqd53,"Lab enrichment of tropical soil microbial communities from Luquillo Experimental Forest, Puerto Rico - flux4day.12C.oxic.44.000.172",high,flux4day-12C-oxic-44-000,NEG
20190103_KBL_JP_502924_Soil_13CFlux_QE-139_HILIC_USHGX01163_POS_MSMS_GRE-MB-084_statoxic-12C-oxic-44-000_3_Rg70to1050-CE102040-66-S1_Run258.mzML,nmdc:bsm-11-rz68jz92,"Lab enrichment of tropical soil microbial communities from Luquillo Experimental Forest, Puerto Rico - statoxic.12C.oxic.44.000.082",high,statoxic-12C-oxic-44-000,POS
20190103_KBL_JP_502924_Soil_13CFlux_QE-139_HILIC_USHGX01163_NEG_MSMS_GRE-MB-177_flux8day-12C-oxic-44-000_3_Rg70to1050-CE102040-115-S1_Run265.mzML,nmdc:bsm-11-c6g7jb68,"Lab enrichment of tropical soil microbial communities from Luquillo Experimental Forest, Puerto Rico - flux8day.12C.oxic.44.000.176",high,flux8day-12C-oxic-44-000,NEG
20190103_KBL_JP_502924_Soil_13CFlux_QE-139_HILIC_USHGX01163_POS_MSMS_GRE-MB-174_flux8day-12C-oxic-44-000_1_Rg70to1050-CE102040-112-S1_Run122.mzML,nmdc:bsm-11-c6g7jb68,"Lab enrichment of tropical soil microbial communities from Luquillo Experimental Forest, Puerto Rico - flux8day.12C.oxic.44.000.176",high,flux8day-12C-oxic-44-000,POS
20190103_KBL_JP_502924_Soil_13CFlux_QE-139_HILIC_USHGX01163_POS_MSMS_GRE-MB-083_statoxic-12C-oxic-44-000_2_Rg70to1050-CE102040-65-S1_Run136.mzML,nmdc:bsm-11-rz68jz92,"Lab enrichment of tropical soil microbial communities from Luquillo Experimental Forest, Puerto Rico - statoxic.12C.oxic.44.000.082",high,statoxic-12C-oxic-44-000,POS
20190103_KBL_JP_502924_Soil_13CFlux_QE-139_HILIC_USHGX01163_POS_MSMS_GRE-MB-110_statanox-12C-anox-44-000_2_Rg70to1050-CE102040-83-S1_Run185.mzML,nmdc:bsm-11-302b5a66,"Lab enrichment of tropical soil microbial communities from Luquillo Experimental Forest, Puerto Rico - statanox.12C.anox.44.000.108",high,statanox-12C-anox-44-000,POS
20190103_KBL_JP_502924_Soil_13CFlux_QE-139_HILIC_USHGX01163_POS_MSMS_GRE-MB-112_statanox-12C-anox-44-000_3_Rg70to1050-CE102040-85-S1_Run267.mzML,nmdc:bsm-11-302b5a66,"Lab enrichment of tropical soil microbial communities from Luquillo Experimental Forest, Puerto Rico - statanox.12C.anox.44.000.108",high,statanox-12C-anox-44-000,POS
20190103_KBL_JP_502924_Soil_13CFlux_QE-139_HILIC_USHGX01163_POS_MSMS_GRE-MB-169_flux4day-12C-oxic-44-000_1_Rg70to1050-CE102040-107-S1_Run119.mzML,nmdc:bsm-11-jyswqd53,"Lab enrichment of tropical soil microbial communities from Luquillo Experimental Forest, Puerto Rico - flux4day.12C.oxic.44.000.172",high,flux4day-12C-oxic-44-000,POS
20190103_KBL_JP_502924_Soil_13CFlux_QE-139_HILIC_USHGX01163_NEG_MSMS_GRE-MB-176_flux8day-12C-oxic-44-000_4_Rg70to1050-CE102040-114-S1_Run358.mzML,nmdc:bsm-11-c6g7jb68,"Lab enrichment of tropical soil microbial communities from Luquillo Experimental Forest, Puerto Rico - flux8day.12C.oxic.44.000.176",high,flux8day-12C-oxic-44-000,NEG
20190103_KBL_JP_502924_Soil_13CFlux_QE-139_HILIC_USHGX01163_NEG_MSMS_GRE-MB-082_statoxic-12C-oxic-44-000_5_Rg70to1050-CE102040-64-S1_Run407.mzML,nmdc:bsm-11-rz68jz92,"Lab enrichment of tropical soil microbial communities from Luquillo Experimental Forest, Puerto Rico - statoxic.12C.oxic.44.000.082",high,statoxic-12C-oxic-44-000,NEG
20190103_KBL_JP_502924_Soil_13CFlux_QE-139_HILIC_USHGX01163_NEG_MSMS_GRE-MB-084_statoxic-12C-oxic-44-000_3_Rg70to1050-CE102040-66-S1_Run259.mzML,nmdc:bsm-11-rz68jz92,"Lab enrichment of tropical soil microbial communities from Luquillo Experimental Forest, Puerto Rico - statoxic.12C.oxic.44.000.082",high,statoxic-12C-oxic-44-000,NEG
20190103_KBL_JP_502924_Soil_13CFlux_QE-139_HILIC_USHGX01163_NEG_MSMS_GRE-MB-171_flux4day-12C-oxic-44-000_2_Rg70to1050-CE102040-109-S1_Run221.mzML,nmdc:bsm-11-jyswqd53,"Lab enrichment of tropical soil microbial communities from Luquillo Experimental Forest, Puerto Rico - flux4day.12C.oxic.44.000.172",high,flux4day-12C-oxic-44-000,NEG
20190103_KBL_JP_502924_Soil_13CFlux_QE-139_HILIC_USHGX01163_NEG_MSMS_GRE-MB-109_statanox-12C-anox-44-000_1_Rg70to1050-CE102040-82-S1_Run94.mzML,nmdc:bsm-11-302b5a66,"Lab enrichment of tropical soil microbial communities from Luquillo Experimental Forest, Puerto Rico - statanox.12C.anox.44.000.108",high,statanox-12C-anox-44-000,NEG
20190103_KBL_JP_502924_Soil_13CFlux_QE-139_HILIC_USHGX01163_POS_MSMS_GRE-MB-080_statoxic-12C-oxic-44-000_4_Rg70to1050-CE102040-62-S1_Run377.mzML,nmdc:bsm-11-rz68jz92,"Lab enrichment of tropical soil microbial communities from Luquillo Experimental Forest, Puerto Rico - statoxic.12C.oxic.44.000.082",high,statoxic-12C-oxic-44-000,POS
20190103_KBL_JP_502924_Soil_13CFlux_QE-139_HILIC_USHGX01163_NEG_MSMS_GRE-MB-081_statoxic-12C-oxic-44-000_1_Rg70to1050-CE102040-63-S1_Run79.mzML,nmdc:bsm-11-rz68jz92,"Lab enrichment of tropical soil microbial communities from Luquillo Experimental Forest, Puerto Rico - statoxic.12C.oxic.44.000.082",high,statoxic-12C-oxic-44-000,NEG
20190103_KBL_JP_502924_Soil_13CFlux_QE-139_HILIC_USHGX01163_POS_MSMS_GRE-MB-172_flux4day-12C-oxic-44-000_5_Rg70to1050-CE102040-110-S1_Run403.mzML,nmdc:bsm-11-jyswqd53,"Lab enrichment of tropical soil microbial communities from Luquillo Experimental Forest, Puerto Rico - flux4day.12C.oxic.44.000.172",high,flux4day-12C-oxic-44-000,POS
20190103_KBL_JP_502924_Soil_13CFlux_QE-139_HILIC_USHGX01163_POS_MSMS_GRE-MB-081_statoxic-12C-oxic-44-000_1_Rg70to1050-CE102040-63-S1_Run78.mzML,nmdc:bsm-11-rz68jz92,"Lab enrichment of tropical soil microbial communities from Luquillo Experimental Forest, Puerto Rico - statoxic.12C.oxic.44.000.082",high,statoxic-12C-oxic-44-000,POS
20190103_KBL_JP_502924_Soil_13CFlux_QE-139_HILIC_USHGX01163_POS_MSMS_GRE-MB-176_flux8day-12C-oxic-44-000_4_Rg70to1050-CE102040-114-S1_Run357.mzML,nmdc:bsm-11-c6g7jb68,"Lab enrichment of tropical soil microbial communities from Luquillo Experimental Forest, Puerto Rico - flux8day.12C.oxic.44.000.176",high,flux8day-12C-oxic-44-000,POS
20190103_KBL_JP_502924_Soil_13CFlux_QE-139_HILIC_USHGX01163_NEG_MSMS_GRE-MB-080_statoxic-12C-oxic-44-000_4_Rg70to1050-CE102040-62-S1_Run378.mzML,nmdc:bsm-11-rz68jz92,"Lab enrichment of tropical soil microbial communities from Luquillo Experimental Forest, Puerto Rico - statoxic.12C.oxic.44.000.082",high,statoxic-12C-oxic-44-000,NEG
20190103_KBL_JP_502924_Soil_13CFlux_QE-139_HILIC_USHGX01163_NEG_MSMS_GRE-MB-083_statoxic-12C-oxic-44-000_2_Rg70to1050-CE102040-65-S1_Run137.mzML,nmdc:bsm-11-rz68jz92,"Lab enrichment of tropical soil microbial communities from Luquillo Experimental Forest, Puerto Rico - statoxic.12C.oxic.44.000.082",high,statoxic-12C-oxic-44-000,NEG
20190103_KBL_JP_502924_Soil_13CFlux_QE-139_HILIC_USHGX01163_NEG_MSMS_GRE-MB-108_statanox-12C-anox-44-000_4_Rg70to1050-CE102040-81-S1_Run367.mzML,nmdc:bsm-11-302b5a66,"Lab enrichment of tropical soil microbial communities from Luquillo Experimental Forest, Puerto Rico - statanox.12C.anox.44.000.108",high,statanox-12C-anox-44-000,NEG
20190103_KBL_JP_502924_Soil_13CFlux_QE-139_HILIC_USHGX01163_POS_MSMS_GRE-MB-170_flux4day-12C-oxic-44-000_4_Rg70to1050-CE102040-108-S1_Run374.mzML,nmdc:bsm-11-jyswqd53,"Lab enrichment of tropical soil microbial communities from Luquillo Experimental Forest, Puerto Rico - flux4day.12C.oxic.44.000.172",high,flux4day-12C-oxic-44-000,POS
20190103_KBL_JP_502924_Soil_13CFlux_QE-139_HILIC_USHGX01163_NEG_MSMS_GRE-MB-175_flux8day-12C-oxic-44-000_2_Rg70to1050-CE102040-113-S1_Run201.mzML,nmdc:bsm-11-c6g7jb68,"Lab enrichment of tropical soil microbial communities from Luquillo Experimental Forest, Puerto Rico - flux8day.12C.oxic.44.000.176",high,flux8day-12C-oxic-44-000,NEG
20190103_KBL_JP_502924_Soil_13CFlux_QE-139_HILIC_USHGX01163_POS_MSMS_GRE-MB-109_statanox-12C-anox-44-000_1_Rg70to1050-CE102040-82-S1_Run93.mzML,nmdc:bsm-11-302b5a66,"Lab enrichment of tropical soil microbial communities from Luquillo Experimental Forest, Puerto Rico - statanox.12C.anox.44.000.108",high,statanox-12C-anox-44-000,POS
20190103_KBL_JP_502924_Soil_13CFlux_QE-139_HILIC_USHGX01163_POS_MSMS_GRE-MB-056_flux8day-13C-oxic-44-000_5_Rg70to1050-CE102040-47-S1_Run389.mzML,,,no_match,flux8day-13C-oxic-44-000,POS
20190103_KBL_JP_502924_Soil_13CFlux_QE-139_HILIC_USHGX01163_POS_MSMS_GRE-MB-037_flux8day-12C-anox-36-000_1_Rg70to1050-CE102040-34-S1_Run52.mzML,,,no_match,flux8day-12C-anox-36-000,POS
20190103_KBL_JP_502924_Soil_13CFlux_QE-139_HILIC_USHGX01163_NEG_MSMS_GRE-MB-026_flux8day-12C-anox-23-000_2_Rg70to1050-CE102040-24-S1_Run175.mzML,,,no_match,flux8day-12C-anox-23-000,NEG
20190103_KBL_JP_502924_Soil_13CFlux_QE-139_HILIC_USHGX01163_NEG_MSMS_GRE-MB-115_pretreat-00C-anox-00-000_1_Rg70to1050-CE102040-88-S1_Run99.mzML,,,no_match,pretreat-00C-anox-00-000,NEG
20190103_KBL_JP_502924_Soil_13CFlux_QE-139_HILIC_USHGX01163_POS_MSMS_GRE-MB-024_flux8day-12C-anox-20-210_3_Rg70to1050-CE102040-22-S1_Run272.mzML,,,no_match,flux8day-12C-anox-20-210,POS
20190103_KBL_JP_502924_Soil_13CFlux_QE-139_HILIC_USHGX01163_NEG_MSMS_GRE-MB-075_statoxic-12C-oxic-23-000_2_Rg70to1050-CE102040-57-S1_Run143.mzML,,,no_match,statoxic-12C-oxic-23-000,NEG
20190103_KBL_JP_502924_Soil_13CFlux_QE-139_HILIC_USHGX01163_POS_MSMS_GRE-MB-035_flux8day-12C-oxic-33-000_2_Rg70to1050-CE102040-32-S1_Run171.mzML,,,no_match,flux8day-12C-oxic-33-000,POS
20190103_KBL_JP_502924_Soil_13CFlux_QE-139_HILIC_USHGX01163_NEG_MSMS_GRE-MB-010_flux8day-12C-oxic-12-030_2_Rg70to1050-CE102040-10-S1_Run215.mzML,,,no_match,flux8day-12C-oxic-12-030,NEG
20190103_KBL_JP_502924_Soil_13CFlux_QE-139_HILIC_USHGX01163_POS_MSMS_GRE-MB-023_flux8day-12C-anox-20-210_2_Rg70to1050-CE102040-21-S1_Run139.mzML,,,no_match,flux8day-12C-anox-20-210,POS
20190103_KBL_JP_502924_Soil_13CFlux_QE-139_HILIC_USHGX01163_NEG_MSMS_GRE-MB-066_statoxic-13C-oxic-44-000_4_Rg70to1050-CE102040-54-S1_Run361.mzML,,,no_match,statoxic-13C-oxic-44-000,NEG
20190103_KBL_JP_502924_Soil_13CFlux_QE-139_HILIC_USHGX01163_POS_MSMS_GRE-MB-060_statoxic-13C-oxic-36-000_1_Rg70to1050-CE102040-48-S1_Run64.mzML,,,no_match,statoxic-13C-oxic-36-000,POS
20170605_KBL_JP_CSPSoilCC_TestEx_PRSoil_QE139-UV_ZHILIC5um200A_715851_POS-MSMS_2ex_ExBlank-H2OEDTA___A_102030eV___Run17.mzML,,,no_match,,
20190103_KBL_JP_502924_Soil_13CFlux_QE-139_HILIC_USHGX01163_NEG_MSMS_GRE-MB-013_flux8day-12C-oxic-12-210_2_Rg70to1050-CE102040-13-S1_Run239.mzML,,,no_match,flux8day-12C-oxic-12-210,NEG
20190103_KBL_JP_502924_Soil_13CFlux_QE-139_HILIC_USHGX01163_POS_MSMS_GRE-MB-089_statanox-13C-anox-44-000_5_Rg70to1050-CE102040-71-S1_Run383.mzML,,,no_match,statanox-13C-anox-44-000,POS
20190103_KBL_JP_502924_Soil_13CFlux_QE-139_HILIC_USHGX01163_NEG_MSMS_GRE-MB-037_flux8day-12C-anox-36-000_1_Rg70to1050-CE102040-34-S1_Run53.mzML,,,no_match,flux8day-12C-anox-36-000,NEG
20190103_KBL_JP_502924_Soil_13CFlux_QE-139_HILIC_USHGX01163_POS_MSMS_GRE-MB-107_statanox-12C-anox-36-000_3_Rg70to1050-CE102040-80-S1_Run275.mzML,,,no_match,statanox-12C-anox-36-000,POS
20190103_KBL_JP_502924_Soil_13CFlux_QE-139_HILIC_USHGX01163_POS_MSMS_GRE-MB-051_flux8day-13C-oxic-33-000_3_Rg70to1050-CE102040-42-S1_Run249.mzML,,,no_match,flux8day-13C-oxic-33-000,POS
20190103_KBL_JP_502924_Soil_13CFlux_QE-139_HILIC_USHGX01163_POS_MSMS_GRE-MB-148_flux4day-12C-oxic-36-000_1_Rg70to1050-CE102040-98-S1_Run113.mzML,,,no_match,flux4day-12C-oxic-36-000,POS
20190103_KBL_JP_502924_Soil_13CFlux_QE-139_HILIC_USHGX01163_NEG_MSMS_GRE-MB-164_flux4day-13C-oxic-36-000_2_Rg70to1050-CE102040-102-S1_Run178.mzML,,,no_match,flux4day-13C-oxic-36-000,NEG
20190103_KBL_JP_502924_Soil_13CFlux_QE-139_HILIC_USHGX01163_NEG_MSMS_GRE-MB-050_flux8day-13C-oxic-33-000_2_Rg70to1050-CE102040-41-S1_Run189.mzML,,,no_match,flux8day-13C-oxic-33-000,NEG
20190103_KBL_JP_502924_Soil_13CFlux_QE-139_HILIC_USHGX01163_NEG_MSMS_GRE-MB-076_statoxic-12C-oxic-23-000_3_Rg70to1050-CE102040-58-S1_Run247.mzML,,,no_match,statoxic-12C-oxic-23-000,NEG
20190103_KBL_JP_502924_Soil_13CFlux_QE-139_HILIC_USHGX01163_POS_MSMS_GRE-MB-074_statoxic-12C-oxic-23-000_1_Rg70to1050-CE102040-56-S1_Run72.mzML,,,no_match,statoxic-12C-oxic-23-000,POS
20190103_KBL_JP_502924_Soil_13CFlux_QE-139_HILIC_USHGX01163_NEG_MSMS_GRE-MB-149_flux4day-12C-oxic-36-000_2_Rg70to1050-CE102040-99-S1_Run166.mzML,,,no_match,flux4day-12C-oxic-36-000,NEG
20170605_KBL_JP_CSPSoilCC_TestEx_PRSoil_QE139-UV_ZHILIC5um200A_715851_POS-MSMS_1_PRSoil-pt5g-H2Oonly___B_102030eV___Run14.mzML,,,no_match,,
20190103_KBL_JP_502924_Soil_13CFlux_QE-139_HILIC_USHGX01163_NEG_MSMS_13C-plant_unk_1_Rg70to1050-CE102040-126-S1_Run416.mzML,,,no_match,13C-plant_unk,NEG
20190103_KBL_JP_502924_Soil_13CFlux_QE-139_HILIC_USHGX01163_NEG_MSMS_GRE-MB-019_flux8day-12C-anox-20-030_2_Rg70to1050-CE102040-18-S1_Run195.mzML,,,no_match,flux8day-12C-anox-20-030,NEG
20190103_KBL_JP_502924_Soil_13CFlux_QE-139_HILIC_USHGX01163_NEG_MSMS_GRE-MB-035_flux8day-12C-oxic-33-000_2_Rg70to1050-CE102040-32-S1_Run172.mzML,,,no_match,flux8day-12C-oxic-33-000,NEG
20190103_KBL_JP_502924_Soil_13CFlux_QE-139_HILIC_USHGX01163_POS_MSMS_GRE-MB-032_flux8day-12C-oxic-23-210_2_Rg70to1050-CE102040-30-S1_Run235.mzML,,,no_match,flux8day-12C-oxic-23-210,POS
20190103_KBL_JP_502924_Soil_13CFlux_QE-139_HILIC_USHGX01163_POS_MSMS_GRE-MB-014_flux8day-12C-oxic-12-210_3_Rg70to1050-CE102040-14-S1_Run333.mzML,,,no_match,flux8day-12C-oxic-12-210,POS
20190103_KBL_JP_502924_Soil_13CFlux_QE-139_HILIC_USHGX01163_NEG_MSMS_GRE-MB-065_statoxic-13C-oxic-44-000_3_Rg70to1050-CE102040-53-S1_Run302.mzML,,,no_match,statoxic-13C-oxic-44-000,NEG
20190103_KBL_JP_502924_Soil_13CFlux_QE-139_HILIC_USHGX01163_POS_MSMS_GRE-MB-166_flux4day-13C-oxic-44-000_3_Rg70to1050-CE102040-104-S1_Run316.mzML,,,no_match,flux4day-13C-oxic-44-000,POS
20190103_KBL_JP_502924_Soil_13CFlux_QE-139_HILIC_USHGX01163_NEG_MSMS_GRE-MB-062_statoxic-13C-oxic-36-000_3_Rg70to1050-CE102040-50-S1_Run326.mzML,,,no_match,statoxic-13C-oxic-36-000,NEG
20190103_KBL_JP_502924_Soil_13CFlux_QE-139_HILIC_USHGX01163_POS_MSMS_GRE-MB-004_pretreat-00C-oxic-00-030_1_Rg70to1050-CE102040-4-S1_Run17.mzML,,,no_match,pretreat-00C-oxic-00-030,POS
20190103_KBL_JP_502924_Soil_13CFlux_QE-139_HILIC_USHGX01163_POS_MSMS_GRE-MB-038_flux8day-12C-anox-36-000_2_Rg70to1050-CE102040-35-S1_Run130.mzML,,,no_match,flux8day-12C-anox-36-000,POS
20190103_KBL_JP_502924_Soil_13CFlux_QE-139_HILIC_USHGX01163_NEG_MSMS_12C-plant_unk_2_Rg70to1050-CE102040-127-S1_Run413.mzML,,,no_match,12C-plant_unk,NEG
20170605_KBL_JP_CSPSoilCC_TestEx_PRSoil_QE139-UV_ZHILIC5um200A_715851_POS-MSMS_1ex_ExBlank-H2Oonly___A_102030eV___Run8.mzML,,,no_match,,
20190103_KBL_JP_502924_Soil_13CFlux_QE-139_HILIC_USHGX01163_POS_MSMS_GRE-MB-146_flux4day-12C-oxic-23-210_2_Rg70to1050-CE102040-97-S1_Run229.mzML,,,no_match,flux4day-12C-oxic-23-210,POS
20190103_KBL_JP_502924_Soil_13CFlux_QE-139_HILIC_USHGX01163_POS_MSMS_GRE-MB-049_flux8day-13C-oxic-33-000_1_Rg70to1050-CE102040-40-S1_Run58.mzML,,,no_match,flux8day-13C-oxic-33-000,POS
20190103_KBL_JP_502924_Soil_13CFlux_QE-139_HILIC_USHGX01163_NEG_MSMS_GRE-MB-018_flux8day-12C-anox-20-030_1_Rg70to1050-CE102040-17-S1_Run33.mzML,,,no_match,flux8day-12C-anox-20-030,NEG
20190103_KBL_JP_502924_Soil_13CFlux_QE-139_HILIC_USHGX01163_POS_MSMS_GRE-MB-115_pretreat-00C-anox-00-000_1_Rg70to1050-CE102040-88-S1_Run98.mzML,,,no_match,pretreat-00C-anox-00-000,POS
20190103_KBL_JP_502924_Soil_13CFlux_QE-139_HILIC_USHGX01163_NEG_MSMS_GRE-MB-008_pretreat-00C-oxic-00-210_2_Rg70to1050-CE102040-8-S1_Run169.mzML,,,no_match,pretreat-00C-oxic-00-210,NEG
20190103_KBL_JP_502924_Soil_13CFlux_QE-139_HILIC_USHGX01163_POS_MSMS_GRE-MB-054_flux8day-13C-oxic-44-000_3_Rg70to1050-CE102040-45-S1_Run278.mzML,,,no_match,flux8day-13C-oxic-44-000,POS
20190103_KBL_JP_502924_Soil_13CFlux_QE-139_HILIC_USHGX01163_POS_MSMS_GRE-MB-105_statanox-12C-anox-36-000_1_Rg70to1050-CE102040-78-S1_Run90.mzML,,,no_match,statanox-12C-anox-36-000,POS
20190103_KBL_JP_502924_Soil_13CFlux_QE-139_HILIC_USHGX01163_POS_MSMS_GRE-MB-053_flux8day-13C-oxic-44-000_2_Rg70to1050-CE102040-44-S1_Run145.mzML,,,no_match,flux8day-13C-oxic-44-000,POS
20190103_KBL_JP_502924_Soil_13CFlux_QE-139_HILIC_USHGX01163_POS_MSMS_12C-plant_unk_2_Rg70to1050-CE102040-127-S1_Run412.mzML,,,no_match,12C-plant_unk,POS
20190103_KBL_JP_502924_Soil_13CFlux_QE-139_HILIC_USHGX01163_POS_MSMS_GRE-MB-134_unk_1_Rg70to1050-CE102040-124-S1_Run354.mzML,,,no_match,unk,POS
20190103_KBL_JP_502924_Soil_13CFlux_QE-139_HILIC_USHGX01163_NEG_MSMS_GRE-MB-006_pretreat-00C-oxic-00-030_2_Rg70to1050-CE102040-6-S1_Run224.mzML,,,no_match,pretreat-00C-oxic-00-030,NEG
20190103_KBL_JP_502924_Soil_13CFlux_QE-139_HILIC_USHGX01163_POS_MSMS_GRE-MB-142_flux4day-12C-oxic-23-030_1_Rg70to1050-CE102040-94-S1_Run107.mzML,,,no_match,flux4day-12C-oxic-23-030,POS
20190103_KBL_JP_502924_Soil_13CFlux_QE-139_HILIC_USHGX01163_NEG_MSMS_GRE-MB-168_flux4day-13C-oxic-44-000_5_Rg70to1050-CE102040-106-S1_Run387.mzML,,,no_match,flux4day-13C-oxic-44-000,NEG
20190103_KBL_JP_502924_Soil_13CFlux_QE-139_HILIC_USHGX01163_NEG_MSMS_GRE-MB-090_statanox-13C-anox-36-000_1_Rg70to1050-CE102040-72-S1_Run85.mzML,,,no_match,statanox-13C-anox-36-000,NEG
20190103_KBL_JP_502924_Soil_13CFlux_QE-139_HILIC_USHGX01163_POS_MSMS_GRE-MB-021_flux8day-12C-anox-20-210_1_Rg70to1050-CE102040-20-S1_Run35.mzML,,,no_match,flux8day-12C-anox-20-210,POS
20190103_KBL_JP_502924_Soil_13CFlux_QE-139_HILIC_USHGX01163_NEG_MSMS_GRE-MB-064_statoxic-13C-oxic-44-000_2_Rg70to1050-CE102040-52-S1_Run149.mzML,,,no_match,statoxic-13C-oxic-44-000,NEG
20190103_KBL_JP_502924_Soil_13CFlux_QE-139_HILIC_USHGX01163_NEG_MSMS_13C-plant_unk_2_Rg70to1050-CE102040-128-S1_Run419.mzML,,,no_match,13C-plant_unk,NEG
20170605_KBL_JP_CSPSoilCC_TestEx_PRSoil_QE139-UV_ZHILIC5um200A_715851_NEG-MSMS_1_PRSoil-pt5g-H2Oonly___A_102030eV___Run12.mzML,,,no_match,,
20190103_KBL_JP_502924_Soil_13CFlux_QE-139_HILIC_USHGX01163_NEG_MSMS_GRE-MB-134_unk_1_Rg70to1050-CE102040-124-S1_Run355.mzML,,,no_match,unk,NEG
20190103_KBL_JP_502924_Soil_13CFlux_QE-139_HILIC_USHGX01163_POS_MSMS_GRE-MB-141_flux4day-12C-anox-23-000_3_Rg70to1050-CE102040-93-S1_Run342.mzML,,,no_match,flux4day-12C-anox-23-000,POS
20190103_KBL_JP_502924_Soil_13CFlux_QE-139_HILIC_USHGX01163_POS_MSMS_13C-plant_unk_2_Rg70to1050-CE102040-128-S1_Run418.mzML,,,no_match,13C-plant_unk,POS
20190103_KBL_JP_502924_Soil_13CFlux_QE-139_HILIC_USHGX01163_NEG_MSMS_GRE-MB-139_flux4day-12C-anox-23-000_1_Rg70to1050-CE102040-91-S1_Run105.mzML,,,no_match,flux4day-12C-anox-23-000,NEG
20190103_KBL_JP_502924_Soil_13CFlux_QE-139_HILIC_USHGX01163_NEG_MSMS_GRE-MB-116_flux4day-13C-oxic-44-000_1_Rg70to1050-CE102040-89-S1_Run102.mzML,,,no_match,flux4day-13C-oxic-44-000,NEG
20190103_KBL_JP_502924_Soil_13CFlux_QE-139_HILIC_USHGX01163_POS_MSMS_GRE-MB-086_statanox-13C-anox-44-000_2_Rg70to1050-CE102040-68-S1_Run151.mzML,,,no_match,statanox-13C-anox-44-000,POS
20190103_KBL_JP_502924_Soil_13CFlux_QE-139_HILIC_USHGX01163_POS_MSMS_GRE-MB-066_statoxic-13C-oxic-44-000_4_Rg70to1050-CE102040-54-S1_Run360.mzML,,,no_match,statoxic-13C-oxic-44-000,POS
20190103_KBL_JP_502924_Soil_13CFlux_QE-139_HILIC_USHGX01163_POS_MSMS_GRE-MB-088_statanox-13C-anox-44-000_4_Rg70to1050-CE102040-70-S1_Run363.mzML,,,no_match,statanox-13C-anox-44-000,POS
20190103_KBL_JP_502924_Soil_13CFlux_QE-139_HILIC_USHGX01163_NEG_MSMS_GRE-MB-166_flux4day-13C-oxic-44-000_3_Rg70to1050-CE102040-104-S1_Run317.mzML,,,no_match,flux4day-13C-oxic-44-000,NEG
20190103_KBL_JP_502924_Soil_13CFlux_QE-139_HILIC_USHGX01163_POS_MSMS_GRE-MB-064_statoxic-13C-oxic-44-000_2_Rg70to1050-CE102040-52-S1_Run148.mzML,,,no_match,statoxic-13C-oxic-44-000,POS
20190103_KBL_JP_502924_Soil_13CFlux_QE-139_HILIC_USHGX01163_POS_MSMS_GRE-MB-114_pretreat-00C-anox-00-000_3_Rg70to1050-CE102040-87-S1_Run243.mzML,,,no_match,pretreat-00C-anox-00-000,POS
20190103_KBL_JP_502924_Soil_13CFlux_QE-139_HILIC_USHGX01163_POS_MSMS_GRE-MB-018_flux8day-12C-anox-20-030_1_Rg70to1050-CE102040-17-S1_Run32.mzML,,,no_match,flux8day-12C-anox-20-030,POS
20190103_KBL_JP_502924_Soil_13CFlux_QE-139_HILIC_USHGX01163_POS_MSMS_GRE-MB-144_flux4day-12C-oxic-23-030_2_Rg70to1050-CE102040-95-S1_Run159.mzML,,,no_match,flux4day-12C-oxic-23-030,POS
20190103_KBL_JP_502924_Soil_13CFlux_QE-139_HILIC_USHGX01163_NEG_MSMS_GRE-MB-039_flux8day-12C-anox-36-000_3_Rg70to1050-CE102040-36-S1_Run314.mzML,,,no_match,flux8day-12C-anox-36-000,NEG
20190103_KBL_JP_502924_Soil_13CFlux_QE-139_HILIC_USHGX01163_POS_MSMS_ExCtrl-181_ExCtrl_2_Rg70to1050-CE102040-119-S1_Run156.mzML,,,no_match,ExCtrl-181_ExCtrl,POS
20190103_KBL_JP_502924_Soil_13CFlux_QE-139_HILIC_USHGX01163_NEG_MSMS_GRE-MB-030_flux8day-12C-oxic-23-030_3_Rg70to1050-CE102040-28-S1_Run288.mzML,,,no_match,flux8day-12C-oxic-23-030,NEG
20190103_KBL_JP_502924_Soil_13CFlux_QE-139_HILIC_USHGX01163_NEG_MSMS_GRE-MB-148_flux4day-12C-oxic-36-000_1_Rg70to1050-CE102040-98-S1_Run114.mzML,,,no_match,flux4day-12C-oxic-36-000,NEG
20190103_KBL_JP_502924_Soil_13CFlux_QE-139_HILIC_USHGX01163_POS_MSMS_GRE-MB-149_flux4day-12C-oxic-36-000_2_Rg70to1050-CE102040-99-S1_Run165.mzML,,,no_match,flux4day-12C-oxic-36-000,POS
20190103_KBL_JP_502924_Soil_13CFlux_QE-139_HILIC_USHGX01163_POS_MSMS_GRE-MB-040_flux8day-12C-oxic-36-030_1_Rg70to1050-CE102040-37-S1_Run55.mzML,,,no_match,flux8day-12C-oxic-36-030,POS
20190103_KBL_JP_502924_Soil_13CFlux_QE-139_HILIC_USHGX01163_POS_MSMS_GRE-MB-042_flux8day-12C-oxic-36-030_3_Rg70to1050-CE102040-39-S1_Run330.mzML,,,no_match,flux8day-12C-oxic-36-030,POS
20170605_KBL_JP_CSPSoilCC_TestEx_PRSoil_QE139-UV_ZHILIC5um200A_715851_NEG-MSMS_2ex_ExBlank-H2OEDTA___A_102030eV___Run18.mzML,,,no_match,,
20190103_KBL_JP_502924_Soil_13CFlux_QE-139_HILIC_USHGX01163_NEG_MSMS_GRE-MB-106_statanox-12C-anox-36-000_2_Rg70to1050-CE102040-79-S1_Run233.mzML,,,no_match,statanox-12C-anox-36-000,NEG
20190103_KBL_JP_502924_Soil_13CFlux_QE-139_HILIC_USHGX01163_NEG_MSMS_ExCtrl-180_ExCtrl_1_Rg70to1050-CE102040-118-S1_Run12.mzML,,,no_match,ExCtrl-180_ExCtrl,NEG
20190103_KBL_JP_502924_Soil_13CFlux_QE-139_HILIC_USHGX01163_POS_MSMS_GRE-MB-015_flux8day-12C-oxic-20-000_1_Rg70to1050-CE102040-15-S1_Run29.mzML,,,no_match,flux8day-12C-oxic-20-000,POS
20190103_KBL_JP_502924_Soil_13CFlux_QE-139_HILIC_USHGX01163_NEG_MSMS_GRE-MB-103_statanox-12C-anox-23-000_2_Rg70to1050-CE102040-76-S1_Run204.mzML,,,no_match,statanox-12C-anox-23-000,NEG
20190103_KBL_JP_502924_Soil_13CFlux_QE-139_HILIC_USHGX01163_NEG_MSMS_GRE-MB-074_statoxic-12C-oxic-23-000_1_Rg70to1050-CE102040-56-S1_Run73.mzML,,,no_match,statoxic-12C-oxic-23-000,NEG
20190103_KBL_JP_502924_Soil_13CFlux_QE-139_HILIC_USHGX01163_POS_MSMS_GRE-MB-065_statoxic-13C-oxic-44-000_3_Rg70to1050-CE102040-53-S1_Run301.mzML,,,no_match,statoxic-13C-oxic-44-000,POS
20190103_KBL_JP_502924_Soil_13CFlux_QE-139_HILIC_USHGX01163_NEG_MSMS_GRE-MB-036_flux8day-12C-oxic-33-000_3_Rg70to1050-CE102040-33-S1_Run308.mzML,,,no_match,flux8day-12C-oxic-33-000,NEG
20190103_KBL_JP_502924_Soil_13CFlux_QE-139_HILIC_USHGX01163_NEG_MSMS_GRE-MB-028_flux8day-12C-oxic-23-030_1_Rg70to1050-CE102040-26-S1_Run44.mzML,,,no_match,flux8day-12C-oxic-23-030,NEG
20190103_KBL_JP_502924_Soil_13CFlux_QE-139_HILIC_USHGX01163_NEG_MSMS_GRE-MB-016_flux8day-12C-oxic-20-000_2_Rg70to1050-CE102040-16-S1_Run207.mzML,,,no_match,flux8day-12C-oxic-20-000,NEG
20190103_KBL_JP_502924_Soil_13CFlux_QE-139_HILIC_USHGX01163_POS_MSMS_GRE-MB-036_flux8day-12C-oxic-33-000_3_Rg70to1050-CE102040-33-S1_Run307.mzML,,,no_match,flux8day-12C-oxic-33-000,POS
20190103_KBL_JP_502924_Soil_13CFlux_QE-139_HILIC_USHGX01163_NEG_MSMS_GRE-MB-032_flux8day-12C-oxic-23-210_2_Rg70to1050-CE102040-30-S1_Run236.mzML,,,no_match,flux8day-12C-oxic-23-210,NEG
20190103_KBL_JP_502924_Soil_13CFlux_QE-139_HILIC_USHGX01163_POS_MSMS_GRE-MB-077_statoxic-12C-oxic-36-000_1_Rg70to1050-CE102040-59-S1_Run75.mzML,,,no_match,statoxic-12C-oxic-36-000,POS
20190103_KBL_JP_502924_Soil_13CFlux_QE-139_HILIC_USHGX01163_POS_MSMS_GRE-MB-025_flux8day-12C-anox-23-000_1_Rg70to1050-CE102040-23-S1_Run40.mzML,,,no_match,flux8day-12C-anox-23-000,POS
20190103_KBL_JP_502924_Soil_13CFlux_QE-139_HILIC_USHGX01163_POS_MSMS_GRE-MB-029_flux8day-12C-oxic-23-030_2_Rg70to1050-CE102040-27-S1_Run197.mzML,,,no_match,flux8day-12C-oxic-23-030,POS
20190103_KBL_JP_502924_Soil_13CFlux_QE-139_HILIC_USHGX01163_NEG_MSMS_GRE-MB-060_statoxic-13C-oxic-36-000_1_Rg70to1050-CE102040-48-S1_Run65.mzML,,,no_match,statoxic-13C-oxic-36-000,NEG
20190103_KBL_JP_502924_Soil_13CFlux_QE-139_HILIC_USHGX01163_NEG_MSMS_GRE-MB-163_flux4day-13C-oxic-36-000_1_Rg70to1050-CE102040-101-S1_Run117.mzML,,,no_match,flux4day-13C-oxic-36-000,NEG
20190103_KBL_JP_502924_Soil_13CFlux_QE-139_HILIC_USHGX01163_POS_MSMS_GRE-MB-078_statoxic-12C-oxic-36-000_2_Rg70to1050-CE102040-60-S1_Run180.mzML,,,no_match,statoxic-12C-oxic-36-000,POS
20190103_KBL_JP_502924_Soil_13CFlux_QE-139_HILIC_USHGX01163_POS_MSMS_GRE-MB-011_flux8day-12C-oxic-12-030_3_Rg70to1050-CE102040-11-S1_Run336.mzML,,,no_match,flux8day-12C-oxic-12-030,POS
20190103_KBL_JP_502924_Soil_13CFlux_QE-139_HILIC_USHGX01163_POS_MSMS_GRE-MB-067_statoxic-13C-oxic-44-000_5_Rg70to1050-CE102040-55-S1_Run395.mzML,,,no_match,statoxic-13C-oxic-44-000,POS
20190103_KBL_JP_502924_Soil_13CFlux_QE-139_HILIC_USHGX01163_NEG_MSMS_GRE-MB-179_pretreat-00C-oxic-00-210_3_Rg70to1050-CE102040-117-S1_Run253.mzML,,,no_match,pretreat-00C-oxic-00-210,NEG
20170605_KBL_JP_CSPSoilCC_TestEx_PRSoil_QE139-UV_ZHILIC5um200A_715851_NEG-MSMS_1_PRSoil-pt5g-H2Oonly___B_102030eV___Run15.mzML,,,no_match,,
20190103_KBL_JP_502924_Soil_13CFlux_QE-139_HILIC_USHGX01163_NEG_MSMS_GRE-MB-052_flux8day-13C-oxic-44-000_1_Rg70to1050-CE102040-43-S1_Run62.mzML,,,no_match,flux8day-13C-oxic-44-000,NEG
20190103_KBL_JP_502924_Soil_13CFlux_QE-139_HILIC_USHGX01163_POS_MSMS_GRE-MB-061_statoxic-13C-oxic-36-000_2_Rg70to1050-CE102040-49-S1_Run217.mzML,,,no_match,statoxic-13C-oxic-36-000,POS
20190103_KBL_JP_502924_Soil_13CFlux_QE-139_HILIC_USHGX01163_POS_MSMS_ExCtrl-180_ExCtrl_1_Rg70to1050-CE102040-118-S1_Run11.mzML,,,no_match,ExCtrl-180_ExCtrl,POS
20190103_KBL_JP_502924_Soil_13CFlux_QE-139_HILIC_USHGX01163_NEG_MSMS_GRE-MB-042_flux8day-12C-oxic-36-030_3_Rg70to1050-CE102040-39-S1_Run331.mzML,,,no_match,flux8day-12C-oxic-36-030,NEG
20190103_KBL_JP_502924_Soil_13CFlux_QE-139_HILIC_USHGX01163_POS_MSMS_GRE-MB-103_statanox-12C-anox-23-000_2_Rg70to1050-CE102040-76-S1_Run203.mzML,,,no_match,statanox-12C-anox-23-000,POS
20190103_KBL_JP_502924_Soil_13CFlux_QE-139_HILIC_USHGX01163_NEG_MSMS_GRE-MB-107_statanox-12C-anox-36-000_3_Rg70to1050-CE102040-80-S1_Run276.mzML,,,no_match,statanox-12C-anox-36-000,NEG
20190103_KBL_JP_502924_Soil_13CFlux_QE-139_HILIC_USHGX01163_POS_MSMS_GRE-MB-168_flux4day-13C-oxic-44-000_5_Rg70to1050-CE102040-106-S1_Run386.mzML,,,no_match,flux4day-13C-oxic-44-000,POS
20190103_KBL_JP_502924_Soil_13CFlux_QE-139_HILIC_USHGX01163_NEG_MSMS_GRE-MB-061_statoxic-13C-oxic-36-000_2_Rg70to1050-CE102040-49-S1_Run218.mzML,,,no_match,statoxic-13C-oxic-36-000,NEG
20190103_KBL_JP_502924_Soil_13CFlux_QE-139_HILIC_USHGX01163_NEG_MSMS_GRE-MB-041_flux8day-12C-oxic-36-030_2_Rg70to1050-CE102040-38-S1_Run128.mzML,,,no_match,flux8day-12C-oxic-36-030,NEG
20190103_KBL_JP_502924_Soil_13CFlux_QE-139_HILIC_USHGX01163_POS_MSMS_GRE-MB-009_flux8day-12C-oxic-12-030_1_Rg70to1050-CE102040-9-S1_Run23.mzML,,,no_match,flux8day-12C-oxic-12-030,POS
20190103_KBL_JP_502924_Soil_13CFlux_QE-139_HILIC_USHGX01163_NEG_MSMS_GRE-MB-078_statoxic-12C-oxic-36-000_2_Rg70to1050-CE102040-60-S1_Run181.mzML,,,no_match,statoxic-12C-oxic-36-000,NEG
20190103_KBL_JP_502924_Soil_13CFlux_QE-139_HILIC_USHGX01163_POS_MSMS_13C-plant_unk_1_Rg70to1050-CE102040-126-S1_Run415.mzML,,,no_match,13C-plant_unk,POS
20190103_KBL_JP_502924_Soil_13CFlux_QE-139_HILIC_USHGX01163_POS_MSMS_12C-plant_unk_1_Rg70to1050-CE102040-125-S1_Run409.mzML,,,no_match,12C-plant_unk,POS
20190103_KBL_JP_502924_Soil_13CFlux_QE-139_HILIC_USHGX01163_POS_MSMS_GRE-MB-050_flux8day-13C-oxic-33-000_2_Rg70to1050-CE102040-41-S1_Run188.mzML,,,no_match,flux8day-13C-oxic-33-000,POS
20190103_KBL_JP_502924_Soil_13CFlux_QE-139_HILIC_USHGX01163_NEG_MSMS_GRE-MB-002_flux8day-12C-anox-12-000_2_Rg70to1050-CE102040-2-S1_Run192.mzML,,,no_match,flux8day-12C-anox-12-000,NEG
20190103_KBL_JP_502924_Soil_13CFlux_QE-139_HILIC_USHGX01163_NEG_MSMS_GRE-MB-005_pretreat-00C-oxic-00-030_3_Rg70to1050-CE102040-5-S1_Run305.mzML,,,no_match,pretreat-00C-oxic-00-030,NEG
20190103_KBL_JP_502924_Soil_13CFlux_QE-139_HILIC_USHGX01163_NEG_MSMS_GRE-MB-089_statanox-13C-anox-44-000_5_Rg70to1050-CE102040-71-S1_Run384.mzML,,,no_match,statanox-13C-anox-44-000,NEG
20190103_KBL_JP_502924_Soil_13CFlux_QE-139_HILIC_USHGX01163_NEG_MSMS_GRE-MB-020_flux8day-12C-anox-20-030_3_Rg70to1050-CE102040-19-S1_Run294.mzML,,,no_match,flux8day-12C-anox-20-030,NEG
20190103_KBL_JP_502924_Soil_13CFlux_QE-139_HILIC_USHGX01163_POS_MSMS_GRE-MB-092_statanox-13C-anox-36-000_3_Rg70to1050-CE102040-74-S1_Run296.mzML,,,no_match,statanox-13C-anox-36-000,POS
20190103_KBL_JP_502924_Soil_13CFlux_QE-139_HILIC_USHGX01163_POS_MSMS_GRE-MB-079_statoxic-12C-oxic-36-000_3_Rg70to1050-CE102040-61-S1_Run319.mzML,,,no_match,statoxic-12C-oxic-36-000,POS
20190103_KBL_JP_502924_Soil_13CFlux_QE-139_HILIC_USHGX01163_POS_MSMS_GRE-MB-003_flux8day-12C-anox-12-000_3_Rg70to1050-CE102040-3-S1_Run284.mzML,,,no_match,flux8day-12C-anox-12-000,POS
20190103_KBL_JP_502924_Soil_13CFlux_QE-139_HILIC_USHGX01163_NEG_MSMS_GRE-MB-145_flux4day-12C-oxic-23-210_1_Rg70to1050-CE102040-96-S1_Run111.mzML,,,no_match,flux4day-12C-oxic-23-210,NEG
20190103_KBL_JP_502924_Soil_13CFlux_QE-139_HILIC_USHGX01163_POS_MSMS_GRE-MB-085_statanox-13C-anox-44-000_1_Rg70to1050-CE102040-67-S1_Run81.mzML,,,no_match,statanox-13C-anox-44-000,POS
20190103_KBL_JP_502924_Soil_13CFlux_QE-139_HILIC_USHGX01163_POS_MSMS_GRE-MB-106_statanox-12C-anox-36-000_2_Rg70to1050-CE102040-79-S1_Run232.mzML,,,no_match,statanox-12C-anox-36-000,POS
20190103_KBL_JP_502924_Soil_13CFlux_QE-139_HILIC_USHGX01163_NEG_MSMS_GRE-MB-053_flux8day-13C-oxic-44-000_2_Rg70to1050-CE102040-44-S1_Run146.mzML,,,no_match,flux8day-13C-oxic-44-000,NEG
20190103_KBL_JP_502924_Soil_13CFlux_QE-139_HILIC_USHGX01163_NEG_MSMS_GRE-MB-015_flux8day-12C-oxic-20-000_1_Rg70to1050-CE102040-15-S1_Run30.mzML,,,no_match,flux8day-12C-oxic-20-000,NEG
20190103_KBL_JP_502924_Soil_13CFlux_QE-139_HILIC_USHGX01163_POS_MSMS_GRE-MB-006_pretreat-00C-oxic-00-030_2_Rg70to1050-CE102040-6-S1_Run223.mzML,,,no_match,pretreat-00C-oxic-00-030,POS
20190103_KBL_JP_502924_Soil_13CFlux_QE-139_HILIC_USHGX01163_POS_MSMS_GRE-MB-102_statanox-12C-anox-23-000_1_Rg70to1050-CE102040-75-S1_Run87.mzML,,,no_match,statanox-12C-anox-23-000,POS
20190103_KBL_JP_502924_Soil_13CFlux_QE-139_HILIC_USHGX01163_NEG_MSMS_GRE-MB-004_pretreat-00C-oxic-00-030_1_Rg70to1050-CE102040-4-S1_Run18.mzML,,,no_match,pretreat-00C-oxic-00-030,NEG
20190103_KBL_JP_502924_Soil_13CFlux_QE-139_HILIC_USHGX01163_NEG_MSMS_GRE-MB-023_flux8day-12C-anox-20-210_2_Rg70to1050-CE102040-21-S1_Run140.mzML,,,no_match,flux8day-12C-anox-20-210,NEG
20190103_KBL_JP_502924_Soil_13CFlux_QE-139_HILIC_USHGX01163_POS_MSMS_GRE-MB-104_statanox-12C-anox-23-000_3_Rg70to1050-CE102040-77-S1_Run281.mzML,,,no_match,statanox-12C-anox-23-000,POS
20190103_KBL_JP_502924_Soil_13CFlux_QE-139_HILIC_USHGX01163_NEG_MSMS_GRE-MB-038_flux8day-12C-anox-36-000_2_Rg70to1050-CE102040-35-S1_Run131.mzML,,,no_match,flux8day-12C-anox-36-000,NEG
20190103_KBL_JP_502924_Soil_13CFlux_QE-139_HILIC_USHGX01163_NEG_MSMS_GRE-MB-000_unk_1_Rg70to1050-CE102040-121-S1_Run346.mzML,,,no_match,unk,NEG
20190103_KBL_JP_502924_Soil_13CFlux_QE-139_HILIC_USHGX01163_POS_MSMS_GRE-MB-163_flux4day-13C-oxic-36-000_1_Rg70to1050-CE102040-101-S1_Run116.mzML,,,no_match,flux4day-13C-oxic-36-000,POS
20190103_KBL_JP_502924_Soil_13CFlux_QE-139_HILIC_USHGX01163_NEG_MSMS_GRE-MB-007_pretreat-00C-oxic-00-210_1_Rg70to1050-CE102040-7-S1_Run21.mzML,,,no_match,pretreat-00C-oxic-00-210,NEG
20190103_KBL_JP_502924_Soil_13CFlux_QE-139_HILIC_USHGX01163_POS_MSMS_GRE-MB-001_flux8day-12C-anox-12-000_1_Rg70to1050-CE102040-1-S1_Run14.mzML,,,no_match,flux8day-12C-anox-12-000,POS
20190103_KBL_JP_502924_Soil_13CFlux_QE-139_HILIC_USHGX01163_NEG_MSMS_GRE-MB-012_flux8day-12C-oxic-12-210_1_Rg70to1050-CE102040-12-S1_Run27.mzML,,,no_match,flux8day-12C-oxic-12-210,NEG
20190103_KBL_JP_502924_Soil_13CFlux_QE-139_HILIC_USHGX01163_POS_MSMS_GRE-MB-039_flux8day-12C-anox-36-000_3_Rg70to1050-CE102040-36-S1_Run313.mzML,,,no_match,flux8day-12C-anox-36-000,POS
20190103_KBL_JP_502924_Soil_13CFlux_QE-139_HILIC_USHGX01163_NEG_MSMS_GRE-MB-056_flux8day-13C-oxic-44-000_5_Rg70to1050-CE102040-47-S1_Run390.mzML,,,no_match,flux8day-13C-oxic-44-000,NEG
20190103_KBL_JP_502924_Soil_13CFlux_QE-139_HILIC_USHGX01163_NEG_MSMS_GRE-MB-063_statoxic-13C-oxic-44-000_1_Rg70to1050-CE102040-51-S1_Run70.mzML,,,no_match,statoxic-13C-oxic-44-000,NEG
20190103_KBL_JP_502924_Soil_13CFlux_QE-139_HILIC_USHGX01163_NEG_MSMS_GRE-MB-055_flux8day-13C-oxic-44-000_4_Rg70to1050-CE102040-46-S1_Run372.mzML,,,no_match,flux8day-13C-oxic-44-000,NEG
20190103_KBL_JP_502924_Soil_13CFlux_QE-139_HILIC_USHGX01163_NEG_MSMS_GRE-MB-003_flux8day-12C-anox-12-000_3_Rg70to1050-CE102040-3-S1_Run285.mzML,,,no_match,flux8day-12C-anox-12-000,NEG
20190103_KBL_JP_502924_Soil_13CFlux_QE-139_HILIC_USHGX01163_NEG_MSMS_GRE-MB-011_flux8day-12C-oxic-12-030_3_Rg70to1050-CE102040-11-S1_Run337.mzML,,,no_match,flux8day-12C-oxic-12-030,NEG
20190103_KBL_JP_502924_Soil_13CFlux_QE-139_HILIC_USHGX01163_POS_MSMS_GRE-MB-031_flux8day-12C-oxic-23-210_1_Rg70to1050-CE102040-29-S1_Run46.mzML,,,no_match,flux8day-12C-oxic-23-210,POS
20190103_KBL_JP_502924_Soil_13CFlux_QE-139_HILIC_USHGX01163_NEG_MSMS_GRE-MB-054_flux8day-13C-oxic-44-000_3_Rg70to1050-CE102040-45-S1_Run279.mzML,,,no_match,flux8day-13C-oxic-44-000,NEG
20190103_KBL_JP_502924_Soil_13CFlux_QE-139_HILIC_USHGX01163_POS_MSMS_GRE-MB-113_pretreat-00C-anox-00-000_2_Rg70to1050-CE102040-86-S1_Run209.mzML,,,no_match,pretreat-00C-anox-00-000,POS
20190103_KBL_JP_502924_Soil_13CFlux_QE-139_HILIC_USHGX01163_NEG_MSMS_GRE-MB-113_pretreat-00C-anox-00-000_2_Rg70to1050-CE102040-86-S1_Run210.mzML,,,no_match,pretreat-00C-anox-00-000,NEG
20190103_KBL_JP_502924_Soil_13CFlux_QE-139_HILIC_USHGX01163_NEG_MSMS_GRE-MB-077_statoxic-12C-oxic-36-000_1_Rg70to1050-CE102040-59-S1_Run76.mzML,,,no_match,statoxic-12C-oxic-36-000,NEG
20190103_KBL_JP_502924_Soil_13CFlux_QE-139_HILIC_USHGX01163_POS_MSMS_GRE-MB-063_statoxic-13C-oxic-44-000_1_Rg70to1050-CE102040-51-S1_Run69.mzML,,,no_match,statoxic-13C-oxic-44-000,POS
20190103_KBL_JP_502924_Soil_13CFlux_QE-139_HILIC_USHGX01163_POS_MSMS_GRE-MB-167_flux4day-13C-oxic-44-000_4_Rg70to1050-CE102040-105-S1_Run380.mzML,,,no_match,flux4day-13C-oxic-44-000,POS
20190103_KBL_JP_502924_Soil_13CFlux_QE-139_HILIC_USHGX01163_NEG_MSMS_GRE-MB-051_flux8day-13C-oxic-33-000_3_Rg70to1050-CE102040-42-S1_Run250.mzML,,,no_match,flux8day-13C-oxic-33-000,NEG
20190103_KBL_JP_502924_Soil_13CFlux_QE-139_HILIC_USHGX01163_NEG_MSMS_GRE-MB-088_statanox-13C-anox-44-000_4_Rg70to1050-CE102040-70-S1_Run364.mzML,,,no_match,statanox-13C-anox-44-000,NEG
20190103_KBL_JP_502924_Soil_13CFlux_QE-139_HILIC_USHGX01163_POS_MSMS_ExCtrl-182_ExCtrl_3_Rg70to1050-CE102040-120-S1_Run255.mzML,,,no_match,ExCtrl-182_ExCtrl,POS
20190103_KBL_JP_502924_Soil_13CFlux_QE-139_HILIC_USHGX01163_NEG_MSMS_GRE-MB-104_statanox-12C-anox-23-000_3_Rg70to1050-CE102040-77-S1_Run282.mzML,,,no_match,statanox-12C-anox-23-000,NEG
20190103_KBL_JP_502924_Soil_13CFlux_QE-139_HILIC_USHGX01163_POS_MSMS_GRE-MB-145_flux4day-12C-oxic-23-210_1_Rg70to1050-CE102040-96-S1_Run110.mzML,,,no_match,flux4day-12C-oxic-23-210,POS
20190103_KBL_JP_502924_Soil_13CFlux_QE-139_HILIC_USHGX01163_POS_MSMS_GRE-MB-016_flux8day-12C-oxic-20-000_2_Rg70to1050-CE102040-16-S1_Run206.mzML,,,no_match,flux8day-12C-oxic-20-000,POS
20190103_KBL_JP_502924_Soil_13CFlux_QE-139_HILIC_USHGX01163_NEG_MSMS_12C-plant_unk_1_Rg70to1050-CE102040-125-S1_Run410.mzML,,,no_match,12C-plant_unk,NEG
20190103_KBL_JP_502924_Soil_13CFlux_QE-139_HILIC_USHGX01163_POS_MSMS_GRE-MB-116_flux4day-13C-oxic-44-000_1_Rg70to1050-CE102040-89-S1_Run101.mzML,,,no_match,flux4day-13C-oxic-44-000,POS
20190103_KBL_JP_502924_Soil_13CFlux_QE-139_HILIC_USHGX01163_NEG_MSMS_GRE-MB-049_flux8day-13C-oxic-33-000_1_Rg70to1050-CE102040-40-S1_Run59.mzML,,,no_match,flux8day-13C-oxic-33-000,NEG
20190103_KBL_JP_502924_Soil_13CFlux_QE-139_HILIC_USHGX01163_NEG_MSMS_GRE-MB-144_flux4day-12C-oxic-23-030_2_Rg70to1050-CE102040-95-S1_Run160.mzML,,,no_match,flux4day-12C-oxic-23-030,NEG
20190103_KBL_JP_502924_Soil_13CFlux_QE-139_HILIC_USHGX01163_POS_MSMS_GRE-MB-028_flux8day-12C-oxic-23-030_1_Rg70to1050-CE102040-26-S1_Run43.mzML,,,no_match,flux8day-12C-oxic-23-030,POS
20190103_KBL_JP_502924_Soil_13CFlux_QE-139_HILIC_USHGX01163_POS_MSMS_GRE-MB-091_statanox-13C-anox-36-000_2_Rg70to1050-CE102040-73-S1_Run226.mzML,,,no_match,statanox-13C-anox-36-000,POS
20190103_KBL_JP_502924_Soil_13CFlux_QE-139_HILIC_USHGX01163_POS_MSMS_GRE-MB-117_flux4day-13C-oxic-44-000_2_Rg70to1050-CE102040-90-S1_Run162.mzML,,,no_match,flux4day-13C-oxic-44-000,POS
20190103_KBL_JP_502924_Soil_13CFlux_QE-139_HILIC_USHGX01163_POS_MSMS_GRE-MB-007_pretreat-00C-oxic-00-210_1_Rg70to1050-CE102040-7-S1_Run20.mzML,,,no_match,pretreat-00C-oxic-00-210,POS
20190103_KBL_JP_502924_Soil_13CFlux_QE-139_HILIC_USHGX01163_NEG_MSMS_GRE-MB-014_flux8day-12C-oxic-12-210_3_Rg70to1050-CE102040-14-S1_Run334.mzML,,,no_match,flux8day-12C-oxic-12-210,NEG
20190103_KBL_JP_502924_Soil_13CFlux_QE-139_HILIC_USHGX01163_POS_MSMS_GRE-MB-027_flux8day-12C-anox-23-000_3_Rg70to1050-CE102040-25-S1_Run339.mzML,,,no_match,flux8day-12C-anox-23-000,POS
20190103_KBL_JP_502924_Soil_13CFlux_QE-139_HILIC_USHGX01163_POS_MSMS_GRE-MB-026_flux8day-12C-anox-23-000_2_Rg70to1050-CE102040-24-S1_Run174.mzML,,,no_match,flux8day-12C-anox-23-000,POS
20190103_KBL_JP_502924_Soil_13CFlux_QE-139_HILIC_USHGX01163_POS_MSMS_GRE-MB-164_flux4day-13C-oxic-36-000_2_Rg70to1050-CE102040-102-S1_Run177.mzML,,,no_match,flux4day-13C-oxic-36-000,POS
20190103_KBL_JP_502924_Soil_13CFlux_QE-139_HILIC_USHGX01163_NEG_MSMS_GRE-MB-085_statanox-13C-anox-44-000_1_Rg70to1050-CE102040-67-S1_Run82.mzML,,,no_match,statanox-13C-anox-44-000,NEG
20190103_KBL_JP_502924_Soil_13CFlux_QE-139_HILIC_USHGX01163_NEG_MSMS_GRE-MB-117_flux4day-13C-oxic-44-000_2_Rg70to1050-CE102040-90-S1_Run163.mzML,,,no_match,flux4day-13C-oxic-44-000,NEG
20190103_KBL_JP_502924_Soil_13CFlux_QE-139_HILIC_USHGX01163_NEG_MSMS_GRE-MB-033_unk_1_Rg70to1050-CE102040-122-S1_Run349.mzML,,,no_match,unk,NEG
20190103_KBL_JP_502924_Soil_13CFlux_QE-139_HILIC_USHGX01163_POS_MSMS_GRE-MB-062_statoxic-13C-oxic-36-000_3_Rg70to1050-CE102040-50-S1_Run325.mzML,,,no_match,statoxic-13C-oxic-36-000,POS
20190103_KBL_JP_502924_Soil_13CFlux_QE-139_HILIC_USHGX01163_NEG_MSMS_GRE-MB-086_statanox-13C-anox-44-000_2_Rg70to1050-CE102040-68-S1_Run152.mzML,,,no_match,statanox-13C-anox-44-000,NEG
20190103_KBL_JP_502924_Soil_13CFlux_QE-139_HILIC_USHGX01163_NEG_MSMS_GRE-MB-114_pretreat-00C-anox-00-000_3_Rg70to1050-CE102040-87-S1_Run244.mzML,,,no_match,pretreat-00C-anox-00-000,NEG
20190103_KBL_JP_502924_Soil_13CFlux_QE-139_HILIC_USHGX01163_NEG_MSMS_GRE-MB-141_flux4day-12C-anox-23-000_3_Rg70to1050-CE102040-93-S1_Run343.mzML,,,no_match,flux4day-12C-anox-23-000,NEG
20190103_KBL_JP_502924_Soil_13CFlux_QE-139_HILIC_USHGX01163_NEG_MSMS_ExCtrl-182_ExCtrl_3_Rg70to1050-CE102040-120-S1_Run256.mzML,,,no_match,ExCtrl-182_ExCtrl,NEG
20190103_KBL_JP_502924_Soil_13CFlux_QE-139_HILIC_USHGX01163_POS_MSMS_GRE-MB-008_pretreat-00C-oxic-00-210_2_Rg70to1050-CE102040-8-S1_Run168.mzML,,,no_match,pretreat-00C-oxic-00-210,POS
20190103_KBL_JP_502924_Soil_13CFlux_QE-139_HILIC_USHGX01163_NEG_MSMS_GRE-MB-150_flux4day-12C-oxic-36-000_3_Rg70to1050-CE102040-100-S1_Run291.mzML,,,no_match,flux4day-12C-oxic-36-000,NEG
20190103_KBL_JP_502924_Soil_13CFlux_QE-139_HILIC_USHGX01163_NEG_MSMS_GRE-MB-029_flux8day-12C-oxic-23-030_2_Rg70to1050-CE102040-27-S1_Run198.mzML,,,no_match,flux8day-12C-oxic-23-030,NEG
20190103_KBL_JP_502924_Soil_13CFlux_QE-139_HILIC_USHGX01163_NEG_MSMS_GRE-MB-027_flux8day-12C-anox-23-000_3_Rg70to1050-CE102040-25-S1_Run340.mzML,,,no_match,flux8day-12C-anox-23-000,NEG
20190103_KBL_JP_502924_Soil_13CFlux_QE-139_HILIC_USHGX01163_NEG_MSMS_GRE-MB-102_statanox-12C-anox-23-000_1_Rg70to1050-CE102040-75-S1_Run88.mzML,,,no_match,statanox-12C-anox-23-000,NEG
20190103_KBL_JP_502924_Soil_13CFlux_QE-139_HILIC_USHGX01163_POS_MSMS_GRE-MB-140_flux4day-12C-anox-23-000_2_Rg70to1050-CE102040-92-S1_Run133.mzML,,,no_match,flux4day-12C-anox-23-000,POS
20190103_KBL_JP_502924_Soil_13CFlux_QE-139_HILIC_USHGX01163_POS_MSMS_GRE-MB-000_unk_1_Rg70to1050-CE102040-121-S1_Run345.mzML,,,no_match,unk,POS
20190103_KBL_JP_502924_Soil_13CFlux_QE-139_HILIC_USHGX01163_NEG_MSMS_GRE-MB-140_flux4day-12C-anox-23-000_2_Rg70to1050-CE102040-92-S1_Run134.mzML,,,no_match,flux4day-12C-anox-23-000,NEG
20190103_KBL_JP_502924_Soil_13CFlux_QE-139_HILIC_USHGX01163_NEG_MSMS_GRE-MB-095_unk_1_Rg70to1050-CE102040-123-S1_Run352.mzML,,,no_match,unk,NEG
20190103_KBL_JP_502924_Soil_13CFlux_QE-139_HILIC_USHGX01163_POS_MSMS_GRE-MB-010_flux8day-12C-oxic-12-030_2_Rg70to1050-CE102040-10-S1_Run214.mzML,,,no_match,flux8day-12C-oxic-12-030,POS
20190103_KBL_JP_502924_Soil_13CFlux_QE-139_HILIC_USHGX01163_NEG_MSMS_ExCtrl-181_ExCtrl_2_Rg70to1050-CE102040-119-S1_Run157.mzML,,,no_match,ExCtrl-181_ExCtrl,NEG
20190103_KBL_JP_502924_Soil_13CFlux_QE-139_HILIC_USHGX01163_POS_MSMS_GRE-MB-033_unk_1_Rg70to1050-CE102040-122-S1_Run348.mzML,,,no_match,unk,POS
20190103_KBL_JP_502924_Soil_13CFlux_QE-139_HILIC_USHGX01163_NEG_MSMS_GRE-MB-079_statoxic-12C-oxic-36-000_3_Rg70to1050-CE102040-61-S1_Run320.mzML,,,no_match,statoxic-12C-oxic-36-000,NEG
20190103_KBL_JP_502924_Soil_13CFlux_QE-139_HILIC_USHGX01163_POS_MSMS_GRE-MB-055_flux8day-13C-oxic-44-000_4_Rg70to1050-CE102040-46-S1_Run371.mzML,,,no_match,flux8day-13C-oxic-44-000,POS
20170605_KBL_JP_CSPSoilCC_TestEx_PRSoil_QE139-UV_ZHILIC5um200A_715851_NEG-MSMS_1ex_ExBlank-H2Oonly___A_102030eV___Run9.mzML,,,no_match,,
20190103_KBL_JP_502924_Soil_13CFlux_QE-139_HILIC_USHGX01163_POS_MSMS_GRE-MB-005_pretreat-00C-oxic-00-030_3_Rg70to1050-CE102040-5-S1_Run304.mzML,,,no_match,pretreat-00C-oxic-00-030,POS
20190103_KBL_JP_502924_Soil_13CFlux_QE-139_HILIC_USHGX01163_POS_MSMS_GRE-MB-012_flux8day-12C-oxic-12-210_1_Rg70to1050-CE102040-12-S1_Run26.mzML,,,no_match,flux8day-12C-oxic-12-210,POS
20190103_KBL_JP_502924_Soil_13CFlux_QE-139_HILIC_USHGX01163_NEG_MSMS_GRE-MB-034_flux8day-12C-oxic-33-000_1_Rg70to1050-CE102040-31-S1_Run50.mzML,,,no_match,flux8day-12C-oxic-33-000,NEG
20190103_KBL_JP_502924_Soil_13CFlux_QE-139_HILIC_USHGX01163_POS_MSMS_GRE-MB-090_statanox-13C-anox-36-000_1_Rg70to1050-CE102040-72-S1_Run84.mzML,,,no_match,statanox-13C-anox-36-000,POS
20190103_KBL_JP_502924_Soil_13CFlux_QE-139_HILIC_USHGX01163_NEG_MSMS_GRE-MB-025_flux8day-12C-anox-23-000_1_Rg70to1050-CE102040-23-S1_Run41.mzML,,,no_match,flux8day-12C-anox-23-000,NEG
20190103_KBL_JP_502924_Soil_13CFlux_QE-139_HILIC_USHGX01163_POS_MSMS_GRE-MB-087_statanox-13C-anox-44-000_3_Rg70to1050-CE102040-69-S1_Run310.mzML,,,no_match,statanox-13C-anox-44-000,POS
20190103_KBL_JP_502924_Soil_13CFlux_QE-139_HILIC_USHGX01163_NEG_MSMS_GRE-MB-167_flux4day-13C-oxic-44-000_4_Rg70to1050-CE102040-105-S1_Run381.mzML,,,no_match,flux4day-13C-oxic-44-000,NEG
20190103_KBL_JP_502924_Soil_13CFlux_QE-139_HILIC_USHGX01163_NEG_MSMS_GRE-MB-092_statanox-13C-anox-36-000_3_Rg70to1050-CE102040-74-S1_Run297.mzML,,,no_match,statanox-13C-anox-36-000,NEG
20190103_KBL_JP_502924_Soil_13CFlux_QE-139_HILIC_USHGX01163_POS_MSMS_GRE-MB-150_flux4day-12C-oxic-36-000_3_Rg70to1050-CE102040-100-S1_Run290.mzML,,,no_match,flux4day-12C-oxic-36-000,POS
20190103_KBL_JP_502924_Soil_13CFlux_QE-139_HILIC_USHGX01163_NEG_MSMS_GRE-MB-024_flux8day-12C-anox-20-210_3_Rg70to1050-CE102040-22-S1_Run273.mzML,,,no_match,flux8day-12C-anox-20-210,NEG
20190103_KBL_JP_502924_Soil_13CFlux_QE-139_HILIC_USHGX01163_NEG_MSMS_GRE-MB-067_statoxic-13C-oxic-44-000_5_Rg70to1050-CE102040-55-S1_Run396.mzML,,,no_match,statoxic-13C-oxic-44-000,NEG
20190103_KBL_JP_502924_Soil_13CFlux_QE-139_HILIC_USHGX01163_NEG_MSMS_GRE-MB-009_flux8day-12C-oxic-12-030_1_Rg70to1050-CE102040-9-S1_Run24.mzML,,,no_match,flux8day-12C-oxic-12-030,NEG
20190103_KBL_JP_502924_Soil_13CFlux_QE-139_HILIC_USHGX01163_POS_MSMS_GRE-MB-075_statoxic-12C-oxic-23-000_2_Rg70to1050-CE102040-57-S1_Run142.mzML,,,no_match,statoxic-12C-oxic-23-000,POS
20190103_KBL_JP_502924_Soil_13CFlux_QE-139_HILIC_USHGX01163_NEG_MSMS_GRE-MB-091_statanox-13C-anox-36-000_2_Rg70to1050-CE102040-73-S1_Run227.mzML,,,no_match,statanox-13C-anox-36-000,NEG
20190103_KBL_JP_502924_Soil_13CFlux_QE-139_HILIC_USHGX01163_NEG_MSMS_GRE-MB-165_flux4day-13C-oxic-36-000_3_Rg70to1050-CE102040-103-S1_Run262.mzML,,,no_match,flux4day-13C-oxic-36-000,NEG
20190103_KBL_JP_502924_Soil_13CFlux_QE-139_HILIC_USHGX01163_POS_MSMS_GRE-MB-002_flux8day-12C-anox-12-000_2_Rg70to1050-CE102040-2-S1_Run191.mzML,,,no_match,flux8day-12C-anox-12-000,POS
20190103_KBL_JP_502924_Soil_13CFlux_QE-139_HILIC_USHGX01163_POS_MSMS_GRE-MB-019_flux8day-12C-anox-20-030_2_Rg70to1050-CE102040-18-S1_Run194.mzML,,,no_match,flux8day-12C-anox-20-030,POS
20190103_KBL_JP_502924_Soil_13CFlux_QE-139_HILIC_USHGX01163_POS_MSMS_GRE-MB-034_flux8day-12C-oxic-33-000_1_Rg70to1050-CE102040-31-S1_Run49.mzML,,,no_match,flux8day-12C-oxic-33-000,POS
20190103_KBL_JP_502924_Soil_13CFlux_QE-139_HILIC_USHGX01163_POS_MSMS_GRE-MB-041_flux8day-12C-oxic-36-030_2_Rg70to1050-CE102040-38-S1_Run127.mzML,,,no_match,flux8day-12C-oxic-36-030,POS
20190103_KBL_JP_502924_Soil_13CFlux_QE-139_HILIC_USHGX01163_POS_MSMS_GRE-MB-095_unk_1_Rg70to1050-CE102040-123-S1_Run351.mzML,,,no_match,unk,POS
20190103_KBL_JP_502924_Soil_13CFlux_QE-139_HILIC_USHGX01163_POS_MSMS_GRE-MB-179_pretreat-00C-oxic-00-210_3_Rg70to1050-CE102040-117-S1_Run252.mzML,,,no_match,pretreat-00C-oxic-00-210,POS
20190103_KBL_JP_502924_Soil_13CFlux_QE-139_HILIC_USHGX01163_POS_MSMS_GRE-MB-020_flux8day-12C-anox-20-030_3_Rg70to1050-CE102040-19-S1_Run293.mzML,,,no_match,flux8day-12C-anox-20-030,POS
20190103_KBL_JP_502924_Soil_13CFlux_QE-139_HILIC_USHGX01163_NEG_MSMS_GRE-MB-105_statanox-12C-anox-36-000_1_Rg70to1050-CE102040-78-S1_Run91.mzML,,,no_match,statanox-12C-anox-36-000,NEG
20190103_KBL_JP_502924_Soil_13CFlux_QE-139_HILIC_USHGX01163_POS_MSMS_GRE-MB-139_flux4day-12C-anox-23-000_1_Rg70to1050-CE102040-91-S1_Run104.mzML,,,no_match,flux4day-12C-anox-23-000,POS
20190103_KBL_JP_502924_Soil_13CFlux_QE-139_HILIC_USHGX01163_NEG_MSMS_GRE-MB-040_flux8day-12C-oxic-36-030_1_Rg70to1050-CE102040-37-S1_Run56.mzML,,,no_match,flux8day-12C-oxic-36-030,NEG
20190103_KBL_JP_502924_Soil_13CFlux_QE-139_HILIC_USHGX01163_POS_MSMS_GRE-MB-052_flux8day-13C-oxic-44-000_1_Rg70to1050-CE102040-43-S1_Run61.mzML,,,no_match,flux8day-13C-oxic-44-000,POS
20170605_KBL_JP_CSPSoilCC_TestEx_PRSoil_QE139-UV_ZHILIC5um200A_715851_POS-MSMS_1_PRSoil-pt5g-H2Oonly___A_102030eV___Run11.mzML,,,no_match,,
20190103_KBL_JP_502924_Soil_13CFlux_QE-139_HILIC_USHGX01163_POS_MSMS_GRE-MB-076_statoxic-12C-oxic-23-000_3_Rg70to1050-CE102040-58-S1_Run246.mzML,,,no_match,statoxic-12C-oxic-23-000,POS
20190103_KBL_JP_502924_Soil_13CFlux_QE-139_HILIC_USHGX01163_POS_MSMS_GRE-MB-030_flux8day-12C-oxic-23-030_3_Rg70to1050-CE102040-28-S1_Run287.mzML,,,no_match,flux8day-12C-oxic-23-030,POS
20190103_KBL_JP_502924_Soil_13CFlux_QE-139_HILIC_USHGX01163_POS_MSMS_GRE-MB-013_flux8day-12C-oxic-12-210_2_Rg70to1050-CE102040-13-S1_Run238.mzML,,,no_match,flux8day-12C-oxic-12-210,POS
20190103_KBL_JP_502924_Soil_13CFlux_QE-139_HILIC_USHGX01163_NEG_MSMS_GRE-MB-001_flux8day-12C-anox-12-000_1_Rg70to1050-CE102040-1-S1_Run15.mzML,,,no_match,flux8day-12C-anox-12-000,NEG
20190103_KBL_JP_502924_Soil_13CFlux_QE-139_HILIC_USHGX01163_NEG_MSMS_GRE-MB-021_flux8day-12C-anox-20-210_1_Rg70to1050-CE102040-20-S1_Run36.mzML,,,no_match,flux8day-12C-anox-20-210,NEG
20190103_KBL_JP_502924_Soil_13CFlux_QE-139_HILIC_USHGX01163_NEG_MSMS_GRE-MB-142_flux4day-12C-oxic-23-030_1_Rg70to1050-CE102040-94-S1_Run108.mzML,,,no_match,flux4day-12C-oxic-23-030,NEG
20190103_KBL_JP_502924_Soil_13CFlux_QE-139_HILIC_USHGX01163_NEG_MSMS_GRE-MB-087_statanox-13C-anox-44-000_3_Rg70to1050-CE102040-69-S1_Run311.mzML,,,no_match,statanox-13C-anox-44-000,NEG
20190103_KBL_JP_502924_Soil_13CFlux_QE-139_HILIC_USHGX01163_POS_MSMS_GRE-MB-165_flux4day-13C-oxic-36-000_3_Rg70to1050-CE102040-103-S1_Run261.mzML,,,no_match,flux4day-13C-oxic-36-000,POS
20190103_KBL_JP_502924_Soil_13CFlux_QE-139_HILIC_USHGX01163_NEG_MSMS_GRE-MB-146_flux4day-12C-oxic-23-210_2_Rg70to1050-CE102040-97-S1_Run230.mzML,,,no_match,flux4day-12C-oxic-23-210,NEG
20190103_KBL_JP_502924_Soil_13CFlux_QE-139_HILIC_USHGX01163_NEG_MSMS_GRE-MB-031_flux8day-12C-oxic-23-210_1_Rg70to1050-CE102040-29-S1_Run47.mzML,,,no_match,flux8day-12C-oxic-23-210,NEG
